id;rulesname;rules;argument;
1;@@define ;AIDEDIR  /var/www/html/ta;Macro Lines;
2;database;file:/var/lib/aide/aide.db;Configuration Lines;
3;database_out;file:/var/lib/aide/aide.db.new;Configuration Lines;
4;database_new;file:/var/lib/aide/aide.db.new;Configuration Lines;
5;gzip_dbout;yes;Configuration Lines;
6;summarize_changes;yes;Configuration Lines;
7;grouped;yes;Configuration Lines;
8;verbose;6;Configuration Lines;
9;report_url;file://@@{AIDEDIR}/aide_report.txt;Configuration Lines;
10;report_base16 ;no;Configuration Lines;
11;Checksums ;sha256+sha512+rmd160+haval+gost+crc32+tiger;Configuration Lines;
12;database_attrs;Checksums;Configuration Lines;
13;OwnerMode;p+u+g+ftype;Configuration Lines;
14;Size ;s+b;Configuration Lines;
15;InodeData;OwnerMode+n+i+Size+l+X;Configuration Lines;
16;StaticFile;m+c+Checksums;Configuration Lines;
17;RamdiskData;InodeData-i;Configuration Lines;
18;Full ;InodeData+Checksums;Configuration Lines;
19;VarInode;VarTime-i;Configuration Lines;
20;VarFile;OwnerMode+n+l+X;Configuration Lines;
21;VarDir;OwnerMode+n+i+X;Configuration Lines;
22;VarDirInode;OwnerMode+n+X;Configuration Lines;
23;VarDirTime;InodeData;Configuration Lines;
24;Log;OwnerMode+n+S+X;Configuration Lines;
25;FreqRotLog;Log-S;Configuration Lines;
26;LowLog;Log-S;Configuration Lines;
27;SerMemberLog ;Full+I;Configuration Lines;
28;LoSerMemberLog;SerMemberLog+ANF;Configuration Lines;
29;HiSerMemberLog;SerMemberLog+ARF;Configuration Lines;
30;LowDELog;SerMemberLog+ARF;Configuration Lines;
31;SerMemberDELog;Full+ANF;Configuration Lines;
32;LinkedLog ;Log-n;Configuration Lines;
33;@@define ;IP4ADDRESS (25[0-5]|2[0-4][0-9]|1[0-9]{2}|[1-9]?[0-9](\.(25[0-5]|2[0-4] ][0-9]|1[0-9]{2}|[1-9]?[0-9])){3};Macro Lines;
34;@@define ;IP6ADDRESS  ((:(:[0-9A-Fa-f]{1,4}{1,7}|::|[0-9A-Fa-f]{1,4}(:(:[0-9A-Fa-f]{1,4}){1,6}|::|:[0-9A-Fa-f]{1,4}(:(:[0-9A-Fa-f]{1,4}{1,5}|::|:[0-9A-Fa-f]{1,4}){1,5}|::|:[0-9A-Fa-f]{1,4}(:(:[0-9A-Fa-f]{1,4}){1,4}|::|:[0-9A-Fa-f]{1,4}(:(:[0-9A-Fa-f]{1,4}{1,3}|::|:[0-9A-Fa-f]{1,4}(:(:[0-9A-Fa-f]{1,4}){2,3}|::|:[0-9A-Fa-f]{1,4}(::[0-9A-Fa-f]{1,4}|::|:[0-9A-Fa-f]{1,4}|::|:[0-9A-Fa-f]{1,4}(::|:[0-9A-Fa-f]{1,4}))))))))|(:(:[0-9A-Fa-f]{1,4}){0,5)|[ 0-9A-Fa-f]{1,4}(:(:[0-9A-Fa-f]{1,4}{0,4}|:[0-9A-Fa-f]{1,4}(:(:[0-9A-Fa-f]{1,4}){0,3}|:[0-9A-Fa-f]{1,4}(:(:[0-9A-Fa-f]{1,4}){0,2}|:[0-9A-Fa-f]{1,4}(:(:[0-9A-Fa-f]{1,4})?|:[0-9A-Fa-f\{1,4}(:|:[0-9A-Fa-f]{1,4})))))):(25[0-5]|2(0-4)[0-9]|1[0-9]{2}|[1-9]?[0-9])(\.25[0-5]|2[0-4]|1[0-9]{2}|[1-9]?[0-9])){3});Macro Lines;
35;@@ifndef ;DEBIANVERSION;Macro Lines;
36;@@define ;DEBIANVERSION;Macro Lines;
37;@@endif;;Macro Lines;
38;@@ifndef;ID;Macro Lines;
39;@@define;ID Ubuntu;Macro Lines;
40;@@endif;;Macro Lines;
41;@@ifndef;DESCRIPTION;Macro Lines;
42;@@define;DESCRIPTION Ubuntu_20_04_2_LTS;Macro Lines;
43;@@endif;;Macro Lines;
44;@@ifndef;RELEASE;Macro Lines;
45;@@define;RELEASE 20_04;Macro Lines;
46;@@endif;;Macro Lines;
47;@@ifndef;CODENAME;Macro Lines;
48;@@define;CODENAME focal;Macro Lines;
49;@@endif;;Macro Lines;
50;@@define;FQDN kelompok04;Macro Lines;
51;@@define ;HOSTNAME kelompok04;Macro Lines;
52;@@define;ARCH amd64;Macro Lines;
53;@@define ;PREVYEAR4D 2021;Macro Lines;
54;@@ifndef ;RUN;Macro Lines;
55;@@define;RUN run;Macro Lines;
56;@@endif;;Macro Lines;
57;@@ifndef ;RUNLOCK;Macro Lines;
58;@@define;RUNLOCK run/lock;Macro Lines;
59;@@endif;;Macro Lines;
60;@@ifndef ;LIBINITRW;Macro Lines;
61;@@define;LIBINITRW run;Macro Lines;
62;@@endif;;Macro Lines;
63;@@ifndef;DEVDOT;Macro Lines;
64;@@define;DEVDOT run/;Macro Lines;
65;@@endif;;Macro Lines;
66;@@define ;YEAR4D 2022;Macro Lines;
67;/@@;{ROOTPREFIX}var/log/acpid$ Log;Selection Lines;
68;/@@;{ROOTPREFIX}var/log/acpid\.$ LowLog;Selection Lines;
69;/@@;{ROOTPREFIX}var/log/acpid\.2\.gz$ LoSerMemberLog;Selection Lines;
70;/@@;{ROOTPREFIX}var/log/acpid\.3\gz$ SerMemberLog;Selection Lines;
71;/@@;{ROOTPREFIX}var/log/acpid\.4gz$ HiSerMemverLog;Selection Lines;
72;/@@;{ROOTPREFIX}var/log/acpid\.(socket|pid)$ VarFile;Selection Lines;
73;/@@;{ROOTPREFIX}etc/adjtime$ VarFile;Selection Lines;
74;/@@;{ROOTPREFIX}var/lib/aide/aide\.db(\.new)?$ VarFile;Selection Lines;
75;!/@@;{ROOTPREFIX}var/lib/aide/aide\.conf\.autogenerated$;Selection Lines;
76;/@@;{ROOTPREFIX} var/lib/aide/aide\.(\.0)?$ LowLog;Selection Lines;
77;/@@;{ROOTPREFIX} var/lib/aide/aide\.1\.gz$ LoSerMemberLog;Selection Lines;
78;/@@;{ROOTPREFIX} var/lib/aide/aide\.[2-5]\.gz$ SerMemberLog;Selection Lines;
79;/@@;{ROOTPREFIX} var/lib/aide/aide\.6\.gz$ HiSerMemberLog;Selection Lines;
80;/@@;{ROOTPREFIX}var/log/aide$ VarDir;Selection Lines;
81;!/@@;{ROOTPREFIX}@@{RUN}/aide$;Selection Lines;
82;!/@@;{ROOTPREFIX}@@{RUN}/aide\.lock$;Selection Lines;
83;!/@@;{ROOTPREFIX}@@{RUN}/aide/cron\.lock$;Selection Lines;
84;!/@@;{ROOTPREFIX}@@{RUN}/aide/cron\.daily$;Selection Lines;
85;!/@@;{ROOTPREFIX}@@{RUN}/aide/cron\.daily/((error|a(run|err))log|mailfile)$;Selection Lines;
86;/@@;{ROOTPREFIX}var/lib/alsa/asound\.state$ VarFile;Selection Lines;
87;@@ define;AMANDALOG var/log/amanda;Macro Lines;
88;/@@;{ROOTPREFIX}var/lib/dumpdates$ VarFile;Selection Lines;
89;!/@@;{ROOTPREFIX}@@{AMANDALOG}/amandad/amandad\.@@{YEAR4D}[0-9]{10}\.debug$;Selection Lines;
90;/@@;{ROOTPREFIX}@@{AMANDALOG}/(amandad|client)$ VarDir;Selection Lines;
91;!/@@;{ROOTPREFIX}var/lib/amavis/tmp/amavis-[0-9]{8}T[0-9]{6}-[0-9]{5}$;Selection Lines;
92;!/@@;{ROOTPREFIX}var/lib/amavis/tmp/amavis-[0-9]{8}T[0-9]{6}-[0-9]{5}/(email\.txt|parts)$;Selection Lines;
93;/@@;{ROOTPREFIX}var/lib/amavis/db/__db.[0-9]{3} VarFile;Selection Lines;
94;/@@;{ROOTPREFIX}var/lib/amavis/db/(cache(-expiry)?|snmp|nanny)\.db$ VarFile;Selection Lines;
95;/@@;{ROOTPREFIX}var/lib/amavis/.spamassassin$ VarDir;Selection Lines;
96;/@@;{ROOTPREFIX}var/lib/amavis/.spamassassin/bayes_(toks|seen)$ VarFile;Selection Lines;
97;/@@;{ROOTPREFIX}var/lib/amavis/.spamassassin/auto-whitelist$ VarFile;Selection Lines;
98;/@@;{ROOTPREFIX}var/spool/anacron/cron\.(monthly|weekly|daily)$ VarFile;Selection Lines;
99;/@@;{ROOTPREFIX}@@{RUN}/anubis\.pid$ VarFile;Selection Lines;
100;/@@;{ROOTPREFIX}var/log/apache/(access|error)\.log$ Log;Selection Lines;
101;/@@;{ROOTPREFIX}var/log/apache/(access|error)\.log\.1$ LowLog;Selection Lines;
102;/@@;{ROOTPREFIX}var/log/apache/(access|error)\.log\.2\.gz$ LoSerMemberLog;Selection Lines;
103;/@@;{ROOTPREFIX}var/log/apache/(access|error)\.log\.[0-9]+\.gz$ SerMemberLog;Selection Lines;
104;/@@;{ROOTPREFIX}var/log/apache$ VarDir;Selection Lines;
105;/@@;{ROOTPREFIX}@@{RUN}/apache\.pid$ VarFile;Selection Lines;
106;@@ifdef;APACHE2_SUEXEC;Macro Lines;
107;@@define;APACHE2_LOGS (access|error|suexec);Macro Lines;
108;@@else;;Macro Lines;
109;@@define;APACHE2_LOGS (access|error);Macro Lines;
110;@@endif;;Macro Lines;
111;/@@;{ROOTPREFIX}var/log/apache2/@@{APACHE2_LOGS}\.log$ Log;Selection Lines;
112;/@@;{ROOTPREFIX}var/log/apache2/@@{APACHE2_LOGS}\.log\.1$ LowLog;Selection Lines;
113;/@@;{ROOTPREFIX}var/log/apache2/@@{APACHE2_LOGS}\.log\.2\.gz$ LoSerMemberLog;Selection Lines;
114;/@@;var/log/apache2/@@{APACHE2_LOGS}\.log\.([3-9]|[1-4][0-9]|5[0-1])\.gz$ SerMemberLog;Selection Lines;
115;/@@;{ROOTPREFIX}var/log/apache2/@@{APACHE2_LOGS}\.log\.52\.gz$ HiSerMemberLog;Selection Lines;
116;/@@;{ROOTPREFIX}@@{RUN}/apache2\.pid$ VarFile;Selection Lines;
117;/@@;{ROOTPREFIX}@@{RUN}/apache2/ssl_scache$ VarFile;Selection Lines;
118;/@@;{ROOTPREFIX}var/log/apache2$ VarDir;Selection Lines;
119;/@@;{ROOTPREFIX}@@{RUN}/apache2$ VarDirInode;Selection Lines;
120;/@@;{ROOTPREFIX}var/log/apcupsd\.events$ Log;Selection Lines;
121;/@@;{ROOTPREFIX}@@{RUN}/apcupsd\.pid$ VarFile;Selection Lines;
122;/@@;{ROOTPREFIX}@@{RUNLOCK}/LCK\.\.$ VarFile;Selection Lines;
123;@@define;TRANSLATIONS (ca|cs|da|de|de_DE|en|eo|es|eu|fi|fr|hr|hu|id|it|ja|km|ko|nb|nl|pl|pt|pt_BR|ro|ru|sk|sr|sv|uk|vi|zh|zh_CN|zh_TW);Macro Lines;
124;/@@;{ROOTPREFIX}var/lib/apt/lists/id\.archive\.ubuntu\.com_ubuntu_dists_focal_main_binary-@@{ARCH}_Packages(\.IndexDiff)?$ VarFile;Selection Lines;
125;/@@;FOREIGN_ARCHES;Selection Lines;
126;/@@;{ROOTPREFIX}var/lib/apt/lists/id\.archive\.ubuntu\.com_ubuntu_dists_focal_main_binary-@@{FOREIGN_ARCHES}_Packages(\.IndexDiff)?$ VarFile;Selection Lines;
127;@@endif;;Macro Lines;
128;/@@;{ROOTPREFIX}var/lib/apt/lists/id\.archive\.ubuntu\.com_ubuntu_dists_focal_(InRelease|Release(\.gpg)?)$ VarFile;Selection Lines;
129;/@@;{ROOTPREFIX}var/lib/apt/lists/id\.archive\.ubuntu\.com_ubuntu_dists_focal_main_i18n_Translation-@@{TRANSLATIONS}(\.IndexDiff)?$ VarFile;Selection Lines;
130;/@@;{ROOTPREFIX}var/lib/apt/lists/id\.archive\.ubuntu\.com_ubuntu_dists_focal_restricted_binary-@@{ARCH}_Packages(\.IndexDiff)?$ VarFile;Selection Lines;
131;@@ifdef;FOREIGN_ARCHES;Macro Lines;
132;/@@;{ROOTPREFIX}var/lib/apt/lists/id\.archive\.ubuntu\.com_ubuntu_dists_focal_restricted_binary-@@{FOREIGN_ARCHES}_Packages(\.IndexDiff)?$ VarFile;Selection Lines;
133;@@endif;;Macro Lines;
134;/@@;{ROOTPREFIX}var/lib/apt/lists/id\.archive\.ubuntu\.com_ubuntu_dists_focal_(InRelease|Release(\.gpg)?)$ VarFile;Selection Lines;
135;/@@;{ROOTPREFIX}var/lib/apt/lists/id\.archive\.ubuntu\.com_ubuntu_dists_focal_restricted_i18n_Translation-@@{TRANSLATIONS}(\.IndexDiff)?$ VarFile;Selection Lines;
136;!/@@;{ROOTPREFIX}var/lib/apt/lists/partial/id\.archive\.ubuntu\.com_ubuntu_dists_focal_Release\.gpg\.reverify$;Selection Lines;
137;/@@;{ROOTPREFIX}var/lib/apt/lists/id\.archive\.ubuntu\.com_ubuntu_dists_focal-updates_main_binary-@@{ARCH}_Packages(\.IndexDiff)?$ VarFile;Selection Lines;
138;@@ifdef;FOREIGN_ARCHES;Macro Lines;
139;/@@;{ROOTPREFIX}var/lib/apt/lists/id\.archive\.ubuntu\.com_ubuntu_dists_focal-updates_main_binary-@@{FOREIGN_ARCHES}_Packages(\.IndexDiff)?$ VarFile;Selection Lines;
140;@@endif;;Macro Lines;
141;/@@;{ROOTPREFIX}var/lib/apt/lists/id\.archive\.ubuntu\.com_ubuntu_dists_focal-updates_(InRelease|Release(\.gpg)?)$ VarFile;Selection Lines;
142;/@@;{ROOTPREFIX}var/lib/apt/lists/id\.archive\.ubuntu\.com_ubuntu_dists_focal-updates_main_i18n_Translation-@@{TRANSLATIONS}(\.IndexDiff)?$ VarFile;Selection Lines;
143;/@@;{ROOTPREFIX}var/lib/apt/lists/id\.archive\.ubuntu\.com_ubuntu_dists_focal-updates_restricted_binary-@@{ARCH}_Packages(\.IndexDiff)?$ VarFile;Selection Lines;
144;@@ifdef;FOREIGN_ARCHES;Macro Lines;
145;/@@;{ROOTPREFIX}var/lib/apt/lists/id\.archive\.ubuntu\.com_ubuntu_dists_focal-updates_restricted_binary-@@{FOREIGN_ARCHES}_Packages(\.IndexDiff)?$ VarFile;Selection Lines;
146;@@endif;;Macro Lines;
147;/@@;{ROOTPREFIX}var/lib/apt/lists/id\.archive\.ubuntu\.com_ubuntu_dists_focal-updates_(InRelease|Release(\.gpg)?)$ VarFile;Selection Lines;
148;/@@;{ROOTPREFIX}var/lib/apt/lists/id\.archive\.ubuntu\.com_ubuntu_dists_focal-updates_restricted_i18n_Translation-@@{TRANSLATIONS}(\.IndexDiff)?$ VarFile;Selection Lines;
149;!/@@;{ROOTPREFIX}var/lib/apt/lists/partial/id\.archive\.ubuntu\.com_ubuntu_dists_focal-updates_Release\.gpg\.reverify$;Selection Lines;
150;/@@;{ROOTPREFIX}var/lib/apt/lists/id\.archive\.ubuntu\.com_ubuntu_dists_focal_universe_binary-@@{ARCH}_Packages(\.IndexDiff)?$ VarFile;Selection Lines;
151;@@ifdef;FOREIGN_ARCHES;Macro Lines;
152;/@@;{ROOTPREFIX}var/lib/apt/lists/id\.archive\.ubuntu\.com_ubuntu_dists_focal_universe_binary-@@{FOREIGN_ARCHES}_Packages(\.IndexDiff)?$ VarFile;Selection Lines;
153;@@endif;;Macro Lines;
154;/@@;{ROOTPREFIX}var/lib/apt/lists/id\.archive\.ubuntu\.com_ubuntu_dists_focal_(InRelease|Release(\.gpg)?)$ VarFile;Selection Lines;
155;/@@;{ROOTPREFIX}var/lib/apt/lists/id\.archive\.ubuntu\.com_ubuntu_dists_focal_universe_i18n_Translation-@@{TRANSLATIONS}(\.IndexDiff)?$ VarFile;Selection Lines;
156;!/@@;{ROOTPREFIX}var/lib/apt/lists/partial/id\.archive\.ubuntu\.com_ubuntu_dists_focal_Release\.gpg\.reverify$;Selection Lines;
157;/@@;{ROOTPREFIX}var/lib/apt/lists/id\.archive\.ubuntu\.com_ubuntu_dists_focal-updates_universe_binary-@@{ARCH}_Packages(\.IndexDiff)?$ VarFile;Selection Lines;
158;@@ifdef;FOREIGN_ARCHES;Macro Lines;
159;/@@;{ROOTPREFIX}var/lib/apt/lists/id\.archive\.ubuntu\.com_ubuntu_dists_focal-updates_universe_binary-@@{FOREIGN_ARCHES}_Packages(\.IndexDiff)?$ VarFile;Selection Lines;
160;@@endif;;Macro Lines;
161;/@@;{ROOTPREFIX}var/lib/apt/lists/id\.archive\.ubuntu\.com_ubuntu_dists_focal-updates_(InRelease|Release(\.gpg)?)$ VarFile;Selection Lines;
162;/@@;{ROOTPREFIX}var/lib/apt/lists/id\.archive\.ubuntu\.com_ubuntu_dists_focal-updates_universe_i18n_Translation-@@{TRANSLATIONS}(\.IndexDiff)?$ VarFile;Selection Lines;
163;!/@@;{ROOTPREFIX}var/lib/apt/lists/partial/id\.archive\.ubuntu\.com_ubuntu_dists_focal-updates_Release\.gpg\.reverify$;Selection Lines;
164;/@@;{ROOTPREFIX}var/lib/apt/lists/id\.archive\.ubuntu\.com_ubuntu_dists_focal_multiverse_binary-@@{ARCH}_Packages(\.IndexDiff)?$ VarFile;Selection Lines;
165;@@ifdef;FOREIGN_ARCHES;Macro Lines;
166;/@@;{ROOTPREFIX}var/lib/apt/lists/id\.archive\.ubuntu\.com_ubuntu_dists_focal_multiverse_binary-@@{FOREIGN_ARCHES}_Packages(\.IndexDiff)?$ VarFile;Selection Lines;
167;@@endif;;Macro Lines;
168;/@@;{ROOTPREFIX}var/lib/apt/lists/id\.archive\.ubuntu\.com_ubuntu_dists_focal_(InRelease|Release(\.gpg)?)$ VarFile;Selection Lines;
169;/@@;{ROOTPREFIX}var/lib/apt/lists/id\.archive\.ubuntu\.com_ubuntu_dists_focal_multiverse_i18n_Translation-@@{TRANSLATIONS}(\.IndexDiff)?$ VarFile;Selection Lines;
170;!/@@;{ROOTPREFIX}var/lib/apt/lists/partial/id\.archive\.ubuntu\.com_ubuntu_dists_focal_Release\.gpg\.reverify$;Selection Lines;
171;/@@;{ROOTPREFIX}var/lib/apt/lists/id\.archive\.ubuntu\.com_ubuntu_dists_focal-updates_multiverse_binary-@@{ARCH}_Packages(\.IndexDiff)?$ VarFile;Selection Lines;
172;@@ifdef;FOREIGN_ARCHES;Macro Lines;
173;/@@;{ROOTPREFIX}var/lib/apt/lists/id\.archive\.ubuntu\.com_ubuntu_dists_focal-updates_multiverse_binary-@@{FOREIGN_ARCHES}_Packages(\.IndexDiff)?$ VarFile;Selection Lines;
174;@@endif;;Macro Lines;
175;/@@;{ROOTPREFIX}var/lib/apt/lists/id\.archive\.ubuntu\.com_ubuntu_dists_focal-updates_(InRelease|Release(\.gpg)?)$ VarFile;Selection Lines;
176;/@@;{ROOTPREFIX}var/lib/apt/lists/id\.archive\.ubuntu\.com_ubuntu_dists_focal-updates_multiverse_i18n_Translation-@@{TRANSLATIONS}(\.IndexDiff)?$ VarFile;Selection Lines;
177;!/@@;{ROOTPREFIX}var/lib/apt/lists/partial/id\.archive\.ubuntu\.com_ubuntu_dists_focal-updates_Release\.gpg\.reverify$;Selection Lines;
178;/@@;{ROOTPREFIX}var/lib/apt/lists/id\.archive\.ubuntu\.com_ubuntu_dists_focal-backports_main_binary-@@{ARCH}_Packages(\.IndexDiff)?$ VarFile;Selection Lines;
179;@@ifdef;FOREIGN_ARCHES;Macro Lines;
180;/@@;{ROOTPREFIX}var/lib/apt/lists/id\.archive\.ubuntu\.com_ubuntu_dists_focal-backports_main_binary-@@{FOREIGN_ARCHES}_Packages(\.IndexDiff)?$ VarFile;Selection Lines;
181;@@endif;;Macro Lines;
182;/@@;{ROOTPREFIX}var/lib/apt/lists/id\.archive\.ubuntu\.com_ubuntu_dists_focal-backports_(InRelease|Release(\.gpg)?)$ VarFile;Selection Lines;
183;/@@;{ROOTPREFIX}var/lib/apt/lists/id\.archive\.ubuntu\.com_ubuntu_dists_focal-backports_main_i18n_Translation-@@{TRANSLATIONS}(\.IndexDiff)?$ VarFile;Selection Lines;
184;/@@;{ROOTPREFIX}var/lib/apt/lists/id\.archive\.ubuntu\.com_ubuntu_dists_focal-backports_restricted_binary-@@{ARCH}_Packages(\.IndexDiff)?$ VarFile;Selection Lines;
185;@@ifdef;FOREIGN_ARCHES;Macro Lines;
186;/@@;{ROOTPREFIX}var/lib/apt/lists/id\.archive\.ubuntu\.com_ubuntu_dists_focal-backports_restricted_binary-@@{FOREIGN_ARCHES}_Packages(\.IndexDiff)?$ VarFile;Selection Lines;
187;@@endif;;Macro Lines;
188;/@@;{ROOTPREFIX}var/lib/apt/lists/id\.archive\.ubuntu\.com_ubuntu_dists_focal-backports_(InRelease|Release(\.gpg)?)$ VarFile;Selection Lines;
189;/@@;{ROOTPREFIX}var/lib/apt/lists/id\.archive\.ubuntu\.com_ubuntu_dists_focal-backports_restricted_i18n_Translation-@@{TRANSLATIONS}(\.IndexDiff)?$ VarFile;Selection Lines;
190;/@@;{ROOTPREFIX}var/lib/apt/lists/id\.archive\.ubuntu\.com_ubuntu_dists_focal-backports_universe_binary-@@{ARCH}_Packages(\.IndexDiff)?$ VarFile;Selection Lines;
191;@@ifdef;FOREIGN_ARCHES;Macro Lines;
192;/@@;{ROOTPREFIX}var/lib/apt/lists/id\.archive\.ubuntu\.com_ubuntu_dists_focal-backports_universe_binary-@@{FOREIGN_ARCHES}_Packages(\.IndexDiff)?$ VarFile;Selection Lines;
193;@@endif;;Macro Lines;
194;/@@;{ROOTPREFIX}var/lib/apt/lists/id\.archive\.ubuntu\.com_ubuntu_dists_focal-backports_(InRelease|Release(\.gpg)?)$ VarFile;Selection Lines;
195;/@@;{ROOTPREFIX}var/lib/apt/lists/id\.archive\.ubuntu\.com_ubuntu_dists_focal-backports_universe_i18n_Translation-@@{TRANSLATIONS}(\.IndexDiff)?$ VarFile;Selection Lines;
196;/@@;{ROOTPREFIX}var/lib/apt/lists/id\.archive\.ubuntu\.com_ubuntu_dists_focal-backports_multiverse_binary-@@{ARCH}_Packages(\.IndexDiff)?$ VarFile;Selection Lines;
197;@@ifdef;FOREIGN_ARCHES;Macro Lines;
198;/@@;{ROOTPREFIX}var/lib/apt/lists/id\.archive\.ubuntu\.com_ubuntu_dists_focal-backports_multiverse_binary-@@{FOREIGN_ARCHES}_Packages(\.IndexDiff)?$ VarFile;Selection Lines;
199;@@endif;;Macro Lines;
200;/@@;{ROOTPREFIX}var/lib/apt/lists/id\.archive\.ubuntu\.com_ubuntu_dists_focal-backports_(InRelease|Release(\.gpg)?)$ VarFile;Selection Lines;
201;/@@;{ROOTPREFIX}var/lib/apt/lists/id\.archive\.ubuntu\.com_ubuntu_dists_focal-backports_multiverse_i18n_Translation-@@{TRANSLATIONS}(\.IndexDiff)?$ VarFile;Selection Lines;
202;!/@@;{ROOTPREFIX}var/lib/apt/lists/partial/id\.archive\.ubuntu\.com_ubuntu_dists_focal-backports_Release\.gpg\.reverify$;Selection Lines;
203;/@@;{ROOTPREFIX}var/lib/apt/lists/id\.archive\.ubuntu\.com_ubuntu_dists_focal-security_main_binary-@@{ARCH}_Packages(\.IndexDiff)?$ VarFile;Selection Lines;
204;@@ifdef;FOREIGN_ARCHES;Macro Lines;
205;/@@;{ROOTPREFIX}var/lib/apt/lists/id\.archive\.ubuntu\.com_ubuntu_dists_focal-security_main_binary-@@{FOREIGN_ARCHES}_Packages(\.IndexDiff)?$ VarFile;Selection Lines;
206;@@endif;;Macro Lines;
207;/@@;{ROOTPREFIX}var/lib/apt/lists/id\.archive\.ubuntu\.com_ubuntu_dists_focal-security_(InRelease|Release(\.gpg)?)$ VarFile;Selection Lines;
208;/@@;{ROOTPREFIX}var/lib/apt/lists/id\.archive\.ubuntu\.com_ubuntu_dists_focal-security_main_i18n_Translation-@@{TRANSLATIONS}(\.IndexDiff)?$ VarFile;Selection Lines;
209;/@@;{ROOTPREFIX}var/lib/apt/lists/id\.archive\.ubuntu\.com_ubuntu_dists_focal-security_restricted_binary-@@{ARCH}_Packages(\.IndexDiff)?$ VarFile;Selection Lines;
210;@@ifdef;FOREIGN_ARCHES;Macro Lines;
211;/@@;{ROOTPREFIX}var/lib/apt/lists/id\.archive\.ubuntu\.com_ubuntu_dists_focal-security_restricted_binary-@@{FOREIGN_ARCHES}_Packages(\.IndexDiff)?$ VarFile;Selection Lines;
212;@@endif;;Macro Lines;
213;/@@;{ROOTPREFIX}var/lib/apt/lists/id\.archive\.ubuntu\.com_ubuntu_dists_focal-security_(InRelease|Release(\.gpg)?)$ VarFile;Selection Lines;
214;/@@;{ROOTPREFIX}var/lib/apt/lists/id\.archive\.ubuntu\.com_ubuntu_dists_focal-security_restricted_i18n_Translation-@@{TRANSLATIONS}(\.IndexDiff)?$ VarFile;Selection Lines;
215;!/@@;{ROOTPREFIX}var/lib/apt/lists/partial/id\.archive\.ubuntu\.com_ubuntu_dists_focal-security_Release\.gpg\.reverify$;Selection Lines;
216;/@@;{ROOTPREFIX}var/lib/apt/lists/id\.archive\.ubuntu\.com_ubuntu_dists_focal-security_universe_binary-@@{ARCH}_Packages(\.IndexDiff)?$ VarFile;Selection Lines;
217;@@ifdef;FOREIGN_ARCHES;Macro Lines;
218;/@@;{ROOTPREFIX}var/lib/apt/lists/id\.archive\.ubuntu\.com_ubuntu_dists_focal-security_universe_binary-@@{FOREIGN_ARCHES}_Packages(\.IndexDiff)?$ VarFile;Selection Lines;
219;@@endif;;Macro Lines;
220;/@@;{ROOTPREFIX}var/lib/apt/lists/id\.archive\.ubuntu\.com_ubuntu_dists_focal-security_(InRelease|Release(\.gpg)?)$ VarFile;Selection Lines;
221;/@@;{ROOTPREFIX}var/lib/apt/lists/id\.archive\.ubuntu\.com_ubuntu_dists_focal-security_universe_i18n_Translation-@@{TRANSLATIONS}(\.IndexDiff)?$ VarFile;Selection Lines;
222;!/@@;{ROOTPREFIX}var/lib/apt/lists/partial/id\.archive\.ubuntu\.com_ubuntu_dists_focal-security_Release\.gpg\.reverify$;Selection Lines;
223;/@@;{ROOTPREFIX}var/lib/apt/lists/id\.archive\.ubuntu\.com_ubuntu_dists_focal-security_multiverse_binary-@@{ARCH}_Packages(\.IndexDiff)?$ VarFile;Selection Lines;
224;@@ifdef;FOREIGN_ARCHES;Macro Lines;
225;/@@;{ROOTPREFIX}var/lib/apt/lists/id\.archive\.ubuntu\.com_ubuntu_dists_focal-security_multiverse_binary-@@{FOREIGN_ARCHES}_Packages(\.IndexDiff)?$ VarFile;Selection Lines;
226;@@endif;;Macro Lines;
227;/@@;{ROOTPREFIX}var/lib/apt/lists/id\.archive\.ubuntu\.com_ubuntu_dists_focal-security_(InRelease|Release(\.gpg)?)$ VarFile;Selection Lines;
228;/@@;{ROOTPREFIX}var/lib/apt/lists/id\.archive\.ubuntu\.com_ubuntu_dists_focal-security_multiverse_i18n_Translation-@@{TRANSLATIONS}(\.IndexDiff)?$ VarFile;Selection Lines;
229;!/@@;{ROOTPREFIX}var/lib/apt/lists/partial/id\.archive\.ubuntu\.com_ubuntu_dists_focal-security_Release\.gpg\.reverify$;Selection Lines;
230;/@@;{ROOTPREFIX}var/lib/apt/lists(/partial)?$ VarDir;Selection Lines;
231;/@@;{ROOTPREFIX}var/lib/apt/lists/lock$ VarFile;Selection Lines;
232;/@@;{ROOTPREFIX}var/lib/apt/periodic/(download-upgradeable|update)-stamp$ VarTime;Selection Lines;
233;/@@;{ROOTPREFIX}var/lib/apt/(daily_lock|extended_states)$ VarFile;Selection Lines;
234;/@@;{ROOTPREFIX}var/lib/apt$ VarDir;Selection Lines;
235;/@@;{ROOTPREFIX}var/lib/systemd/timers/stamp-apt-daily(-upgrade)?\.timer$ VarFile;Selection Lines;
236;/@@;{ROOTPREFIX}var/log/apt/(term|history)\.log$ Log;Selection Lines;
237;/@@;{ROOTPREFIX}var/log/apt/(term|history)\.log\.1\.gz$ LoSerMemberLog;Selection Lines;
238;/@@;{ROOTPREFIX}var/log/apt/(term|history)\.log\.([2-9]|1[0-1])\.gz$ SerMemberLog;Selection Lines;
239;/@@;{ROOTPREFIX}var/log/apt/(term|history)\.log\.12\.gz$ HiSerMemberLog;Selection Lines;
240;/@@;{ROOTPREFIX}var/log/apt$ VarDir;Selection Lines;
241;/@@;{ROOTPREFIX}var/backups/apt\.extended_states\.0$ LowLog;Selection Lines;
242;/@@;{ROOTPREFIX}var/backups/apt\.extended_states\.1\.gz$ LoSerMemberLog;Selection Lines;
243;/@@;{ROOTPREFIX}var/backups/apt\.extended_states\.[2345]\.gz$ SerMemberLog;Selection Lines;
244;/@@;{ROOTPREFIX}var/backups/apt\.extended_states\.6\.gz$ HiSerMemberLog;Selection Lines;
245;/@@;{ROOTPREFIX}var/cache/apt/apt-file/id\\.archive\\.ubuntu\\.com_ubuntu_dists_focal_main_Contents-@@{ARCH}\.(gz|IndexDiff)$ VarFile;Selection Lines;
246;@@ifdef;FOREIGN_ARCHES;Macro Lines;
247;/@@;{ROOTPREFIX}var/cache/apt/apt-file/id\\.archive\\.ubuntu\\.com_ubuntu_dists_focal_main_Contents-@@{FOREIGN_ARCHES}\.(gz|IndexDiff)$ VarFile;Selection Lines;
248;@@endif;;Macro Lines;
249;/@@;{ROOTPREFIX}var/cache/apt/apt-file/id\\.archive\\.ubuntu\\.com_ubuntu_dists_focal_restricted_Contents-@@{ARCH}\.(gz|IndexDiff)$ VarFile;Selection Lines;
250;@@ifdef;FOREIGN_ARCHES;Macro Lines;
251;/@@;{ROOTPREFIX}var/cache/apt/apt-file/id\\.archive\\.ubuntu\\.com_ubuntu_dists_focal_restricted_Contents-@@{FOREIGN_ARCHES}\.(gz|IndexDiff)$ VarFile;Selection Lines;
252;@@endif;;Macro Lines;
253;/@@;{ROOTPREFIX}var/cache/apt/apt-file/id\\.archive\\.ubuntu\\.com_ubuntu_dists_focal-updates_main_Contents-@@{ARCH}\.(gz|IndexDiff)$ VarFile;Selection Lines;
254;@@ifdef;FOREIGN_ARCHES;Macro Lines;
255;/@@;{ROOTPREFIX}var/cache/apt/apt-file/id\\.archive\\.ubuntu\\.com_ubuntu_dists_focal-updates_main_Contents-@@{FOREIGN_ARCHES}\.(gz|IndexDiff)$ VarFile;Selection Lines;
256;@@endif;;Macro Lines;
257;/@@;{ROOTPREFIX}var/cache/apt/apt-file/id\\.archive\\.ubuntu\\.com_ubuntu_dists_focal-updates_restricted_Contents-@@{ARCH}\.(gz|IndexDiff)$ VarFile;Selection Lines;
258;@@ifdef;FOREIGN_ARCHES;Macro Lines;
259;/@@;{ROOTPREFIX}var/cache/apt/apt-file/id\\.archive\\.ubuntu\\.com_ubuntu_dists_focal-updates_restricted_Contents-@@{FOREIGN_ARCHES}\.(gz|IndexDiff)$ VarFile;Selection Lines;
260;@@endif;;Macro Lines;
261;/@@;{ROOTPREFIX}var/cache/apt/apt-file/id\\.archive\\.ubuntu\\.com_ubuntu_dists_focal_universe_Contents-@@{ARCH}\.(gz|IndexDiff)$ VarFile;Selection Lines;
262;@@ifdef;FOREIGN_ARCHES;Macro Lines;
263;/@@;{ROOTPREFIX}var/cache/apt/apt-file/id\\.archive\\.ubuntu\\.com_ubuntu_dists_focal-updates_restricted_Contents-@@{FOREIGN_ARCHES}\.(gz|IndexDiff)$ VarFile;Selection Lines;
264;@@endif;;Macro Lines;
265;/@@;{ROOTPREFIX}var/cache/apt/apt-file/id\\.archive\\.ubuntu\\.com_ubuntu_dists_focal_universe_Contents-@@{ARCH}\.(gz|IndexDiff)$ VarFile;Selection Lines;
266;@@ifdef;FOREIGN_ARCHES;Macro Lines;
267;/@@;{ROOTPREFIX}var/cache/apt/apt-file/id\\.archive\\.ubuntu\\.com_ubuntu_dists_focal_universe_Contents-@@{FOREIGN_ARCHES}\.(gz|IndexDiff)$ VarFile;Selection Lines;
268;@@endif;;Macro Lines;
269;/@@;{ROOTPREFIX}var/cache/apt/apt-file/id\\.archive\\.ubuntu\\.com_ubuntu_dists_focal-updates_universe_Contents-@@{ARCH}\.(gz|IndexDiff)$ VarFile;Selection Lines;
270;@@ifdef;FOREIGN_ARCHES;Macro Lines;
271;/@@;{ROOTPREFIX}var/cache/apt/apt-file/id\\.archive\\.ubuntu\\.com_ubuntu_dists_focal-updates_universe_Contents-@@{FOREIGN_ARCHES}\.(gz|IndexDiff)$ VarFile;Selection Lines;
272;@@endif;;Macro Lines;
273;/@@;{ROOTPREFIX}var/cache/apt/apt-file/id\\.archive\\.ubuntu\\.com_ubuntu_dists_focal_multiverse_Contents-@@{ARCH}\.(gz|IndexDiff)$ VarFile;Selection Lines;
274;@@ifdef;FOREIGN_ARCHES;Macro Lines;
275;/@@;{ROOTPREFIX}var/cache/apt/apt-file/id\\.archive\\.ubuntu\\.com_ubuntu_dists_focal_multiverse_Contents-@@{FOREIGN_ARCHES}\.(gz|IndexDiff)$ VarFile;Selection Lines;
276;@@endif;;Macro Lines;
277;/@@;{ROOTPREFIX}var/cache/apt/apt-file/id\\.archive\\.ubuntu\\.com_ubuntu_dists_focal-updates_multiverse_Contents-@@{ARCH}\.(gz|IndexDiff)$ VarFile;Selection Lines;
278;@@ifdef;FOREIGN_ARCHES;Macro Lines;
279;/@@;{ROOTPREFIX}var/cache/apt/apt-file/id\\.archive\\.ubuntu\\.com_ubuntu_dists_focal-updates_multiverse_Contents-@@{FOREIGN_ARCHES}\.(gz|IndexDiff)$ VarFile;Selection Lines;
280;@@endif;;Macro Lines;
281;/@@;{ROOTPREFIX}var/cache/apt/apt-file/id\\.archive\\.ubuntu\\.com_ubuntu_dists_focal-backports_main_Contents-@@{ARCH}\.(gz|IndexDiff)$ VarFile;Selection Lines;
282;@@ifdef;FOREIGN_ARCHES;Macro Lines;
283;/@@;{ROOTPREFIX}var/cache/apt/apt-file/id\\.archive\\.ubuntu\\.com_ubuntu_dists_focal-backports_main_Contents-@@{FOREIGN_ARCHES}\.(gz|IndexDiff)$ VarFile;Selection Lines;
284;@@endif;;Macro Lines;
285;/@@;{ROOTPREFIX}var/cache/apt/apt-file/id\\.archive\\.ubuntu\\.com_ubuntu_dists_focal-backports_restricted_Contents-@@{ARCH}\.(gz|IndexDiff)$ VarFile;Selection Lines;
286;@@ifdef;FOREIGN_ARCHES;Macro Lines;
287;/@@;{ROOTPREFIX}var/cache/apt/apt-file/id\\.archive\\.ubuntu\\.com_ubuntu_dists_focal-backports_restricted_Contents-@@{FOREIGN_ARCHES}\.(gz|IndexDiff)$ VarFile;Selection Lines;
288;@@endif;;Macro Lines;
289;/@@;{ROOTPREFIX}var/cache/apt/apt-file/id\\.archive\\.ubuntu\\.com_ubuntu_dists_focal-backports_universe_Contents-@@{ARCH}\.(gz|IndexDiff)$ VarFile;Selection Lines;
290;@@ifdef;FOREIGN_ARCHES;Macro Lines;
291;/@@;{ROOTPREFIX}var/cache/apt/apt-file/id\\.archive\\.ubuntu\\.com_ubuntu_dists_focal-backports_universe_Contents-@@{FOREIGN_ARCHES}\.(gz|IndexDiff)$ VarFile;Selection Lines;
292;@@endif;;Macro Lines;
293;/@@;{ROOTPREFIX}var/cache/apt/apt-file/id\\.archive\\.ubuntu\\.com_ubuntu_dists_focal-backports_multiverse_Contents-@@{ARCH}\.(gz|IndexDiff)$ VarFile;Selection Lines;
294;@@ifdef;FOREIGN_ARCHES;Macro Lines;
295;/@@;{ROOTPREFIX}var/cache/apt/apt-file/id\\.archive\\.ubuntu\\.com_ubuntu_dists_focal-backports_multiverse_Contents-@@{FOREIGN_ARCHES}\.(gz|IndexDiff)$ VarFile;Selection Lines;
296;@@endif;;Macro Lines;
297;/@@;{ROOTPREFIX}var/cache/apt/apt-file/id\\.archive\\.ubuntu\\.com_ubuntu_dists_focal-security_main_Contents-@@{ARCH}\.(gz|IndexDiff)$ VarFile;Selection Lines;
298;@@ifdef;FOREIGN_ARCHES;Macro Lines;
299;/@@;{ROOTPREFIX}var/cache/apt/apt-file/id\\.archive\\.ubuntu\\.com_ubuntu_dists_focal-security_main_Contents-@@{FOREIGN_ARCHES}\.(gz|IndexDiff)$ VarFile;Selection Lines;
300;@@endif;;Macro Lines;
301;/@@;{ROOTPREFIX}var/cache/apt/apt-file/id\\.archive\\.ubuntu\\.com_ubuntu_dists_focal-security_restricted_Contents-@@{ARCH}\.(gz|IndexDiff)$ VarFile;Selection Lines;
302;@@ifdef;FOREIGN_ARCHES;Macro Lines;
303;/@@;{ROOTPREFIX}var/cache/apt/apt-file/id\\.archive\\.ubuntu\\.com_ubuntu_dists_focal-security_restricted_Contents-@@{FOREIGN_ARCHES}\.(gz|IndexDiff)$ VarFile;Selection Lines;
304;@@endif;;Macro Lines;
305;/@@;{ROOTPREFIX}var/cache/apt/apt-file/id\\.archive\\.ubuntu\\.com_ubuntu_dists_focal-security_universe_Contents-@@{ARCH}\.(gz|IndexDiff)$ VarFile;Selection Lines;
306;@@ifdef;FOREIGN_ARCHES;Macro Lines;
307;/@@;{ROOTPREFIX}var/cache/apt/apt-file/id\\.archive\\.ubuntu\\.com_ubuntu_dists_focal-security_universe_Contents-@@{FOREIGN_ARCHES}\.(gz|IndexDiff)$ VarFile;Selection Lines;
308;@@endif;;Macro Lines;
309;/@@;{ROOTPREFIX}var/cache/apt/apt-file/id\\.archive\\.ubuntu\\.com_ubuntu_dists_focal-security_multiverse_Contents-@@{ARCH}\.(gz|IndexDiff)$ VarFile;Selection Lines;
310;@@ifdef;FOREIGN_ARCHES;Macro Lines;
311;/@@;{ROOTPREFIX}var/cache/apt/apt-file/id\\.archive\\.ubuntu\\.com_ubuntu_dists_focal-security_multiverse_Contents-@@{FOREIGN_ARCHES}\.(gz|IndexDiff)$ VarFile;Selection Lines;
312;@@endif;;Macro Lines;
313;/@@;{ROOTPREFIX}var/cache/apt/apt-file$ VarDir;Selection Lines;
314;!/@@;{ROOTPREFIX}var/cache/apt-listbugs/%2Findices%2Findex.db-(critical|grave|serious)\.gz$;Selection Lines;
315;/@@;{ROOTPREFIX}var/cache/apt-listbugs$ VarDir;Selection Lines;
316;/@@;{ROOTPREFIX}var/lib/apt/listchanges\.db$ VarFile;Selection Lines;
317;/@@;{ROOTPREFIX}var/cache/apt-show-versions/(files|ipackages|apackages)$ VarFile;Selection Lines;
318;/@@;{ROOTPREFIX}var/cache/apt-show-versions$ VarDir;Selection Lines;
319;/@@;{ROOTPREFIX}var/log/aptitude$ Log;Selection Lines;
320;/@@;{ROOTPREFIX}var/log/aptitude\.1\.gz$ LoSerMemberLog;Selection Lines;
321;/@@;{ROOTPREFIX}var/log/aptitude\.[2-5]\.gz$ SerMemberLog;Selection Lines;
322;/@@;{ROOTPREFIX}var/log/aptitude\.6\.gz$ HiSerMemberLog;Selection Lines;
323;/@@;{ROOTPREFIX}var/backups/aptitude\.pkgstates\.0$ LowLog;Selection Lines;
324;/@@;{ROOTPREFIX}var/backups/aptitude\.pkgstates\.1\.gz$ LoSerMemberLog;Selection Lines;
325;/@@;{ROOTPREFIX}var/backups/aptitude\.pkgstates\.[2345]\.gz$ SerMemberLog;Selection Lines;
326;/@@;{ROOTPREFIX}var/backups/aptitude\.pkgstates\.6\.gz$ HiSerMemberLog;Selection Lines;
327;/@@;{ROOTPREFIX}var/lib/aptitude/pkgstates(\.old)?$ VarFile;Selection Lines;
328;/@@;{ROOTPREFIX}var/lib/aptitude$ VarDir;Selection Lines;
329;!/@@;{ROOTPREFIX}@@{RUNLOCK}/aptitude$;Selection Lines;
330;/@@;{ROOTPREFIX}root/\.(aptitude|debtags)$ VarDir;Selection Lines;
331;/@@;{ROOTPREFIX}root/\.aptitude/config$ VarFile;Selection Lines;
332;/@@;{ROOTPREFIX}var/spool/cron/at(spool|jobs)$ VarDir;Selection Lines;
333;/@@;{ROOTPREFIX}@@{RUN}/atd\.pid$ VarFile;Selection Lines;
334;/@@;{ROOTPREFIX}var/log/atop$ VarDirInode;Selection Lines;
335;!/@@;{ROOTPREFIX}var/log/atop/(atop_@@{YEAR4D}[[:digit:]]{4}|daily\.log)$;Selection Lines;
336;/@@;{ROOTPREFIX}var/log/atop/dummy_(after|before)$ VarFile;Selection Lines;
337;/@@;{ROOTPREFIX}@@{RUN}/(pacct_shadow\.d|atop)$ VarDir;Selection Lines;
338;/@@;{ROOTPREFIX}@@{RUN}/atop/atop\.acct$ VarFile;Selection Lines;
339;/@@;{ROOTPREFIX}@@{RUN}/atop\.pid$ VarFile;Selection Lines;
340;!/@@;{ROOTPREFIX}@@{RUN}/pacct_shadow\.d/[0-9]{10}\.paf$;Selection Lines;
341;/@@;{ROOTPREFIX}@@{RUN}/pacct_shadow\.d/current$ VarFile;Selection Lines;
342;/@@;{ROOTPREFIX}@@{RUN}/pacct_source$ VarFile;Selection Lines;
343;@@ifdef;BINDCHROOT;Macro Lines;
344;@@;{BINDCHROOT}/dev/log$ LowLog;Macro Lines;
345;@@;{BINDCHROOT}/dev VarDir;Macro Lines;
346;@@endif;;Macro Lines;
347;@@;{BINDCHROOT}/var/log/bind/queries\.log$ Log;Macro Lines;
348;@@;{BINDCHROOT}/var/log/bind/queries\.log\.0$ LoSerMemberLog;Macro Lines;
349;@@;{BINDCHROOT}/var/log/bind/queries\.log\.[1-8]$ SerMemberLog;Macro Lines;
350;@@;{BINDCHROOT}/var/log/bind/queries\.log\.9$ HiSerMemberLog;Macro Lines;
351;@@;{BINDCHROOT}/var/log/bind VarDir;Macro Lines;
352;@@;{BINDCHROOT}/@@{RUN}/named/(session\.key|named\.pid)$ VarFile;Macro Lines;
353;@@;{BINDCHROOT}/@@{RUN}/named$ VarDirInode;Macro Lines;
354;@@;{BINDCHROOT}/var/cache/bind$ VarDir;Macro Lines;
355;@@;{BINDCHROOT}/var/cache/bind/[-[:alnum:].]+$ VarFile;Macro Lines;
356;/@@;{ROOTPREFIX}var/lib/boinc-client$ VarDir;Selection Lines;
357;/@@;{ROOTPREFIX}var/lib/boinc-client/(get_current_version|global_prefs|daily_xfer_history|client_state(_prev)?)\.xml$ VarFile;Selection Lines;
358;/@@;{ROOTPREFIX}var/lib/boinc-client/(time_stats_log|do_fp)$ VarFile;Selection Lines;
359;/@@;{ROOTPREFIX}var/lib/boinc-client/lookup_website\.html$ VarFile;Selection Lines;
360;/@@;{ROOTPREFIX}var/lib/boinc-client/std(err|out)dae\.txt$ VarFile;Selection Lines;
361;;;Selection Lines;
362;/@@;{ROOTPREFIX}var/log/btmp$ Log;Selection Lines;
363;/@@;{ROOTPREFIX}var/log/btmp\.1$ LowLog;Selection Lines;
364;@@ifdef;CEREALSESS;Macro Lines;
365;!/@@;{ROOTPREFIX}@@{RUN}/screen/S-@@{CEREALSESS}(/[0-9]+\.cereal:@@{CEREALSESS})?$;Selection Lines;
366;!/@@;{ROOTPREFIX}var/lib/cereal/sessions/@@{CEREALSESS}/log/main(/@[0-9a-f]{24}\.s)?$;Selection Lines;
367;/@@;{ROOTPREFIX}var/lib/cereal/sessions/@@{CEREALSESS}/socket$ VarFile;Selection Lines;
368;/@@;{ROOTPREFIX}var/lib/cereal/sessions/@@{CEREALSESS}/supervise$ VarDir;Selection Lines;
369;/@@;{ROOTPREFIX}var/lib/cereal/sessions/@@{CEREALSESS}/supervise/(pid|stat|status)$ VarFile;Selection Lines;
370;@@endif;;Macro Lines;
371;/@@;{ROOTPREFIX}var/log/setuid/setuid.changes$ Log;Selection Lines;
372;/@@;{ROOTPREFIX}var/log/setuid/setuid.changes\.1$ LoSerMemberLog;Selection Lines;
373;/@@;{ROOTPREFIX}var/log/setuid/setuid.changes\.[2-9]$ SerMemberLog;Selection Lines;
374;/@@;{ROOTPREFIX}var/log/setuid/setuid.changes\.10$ HiSerMemberLog;Selection Lines;
375;/@@;{ROOTPREFIX}var/log/setuid/setuid.(today|yesterday)$ VarFile;Selection Lines;
376;/@@;{ROOTPREFIX}var/log/setuid$ VarDir;Selection Lines;
377;;;Selection Lines;
378;/@@;{ROOTPREFIX}var/log/clamav/clamav\.log$ Log;Selection Lines;
379;/@@;{ROOTPREFIX}var/log/clamav/clamav\.log\.1$ LowLog;Selection Lines;
380;/@@;{ROOTPREFIX}var/log/clamav/clamav\.log\.2\.gz$ LoSerMemberLog;Selection Lines;
381;/@@;{ROOTPREFIX}var/log/clamav/clamav\.log\.([3-9]|1[0-1])\.gz$ SerMemberLog;Selection Lines;
382;/@@;{ROOTPREFIX}var/log/clamav/clamav\.log\.12\.gz$ HiSerMemberLog;Selection Lines;
383;/@@;{ROOTPREFIX}@@{RUN}/clamav/clamd\.(ctl|pid)$ VarFile;Selection Lines;
384;/@@;{ROOTPREFIX}var/log/clamav$ VarDir;Selection Lines;
385;/@@;{ROOTPREFIX}@@{RUN}/clamav$ VarDirInode;Selection Lines;
386;;;Selection Lines;
387;/@@;{ROOTPREFIX}var/log/clamav/freshclam\.log$ Log;Selection Lines;
388;/@@;{ROOTPREFIX}var/log/clamav/freshclam\.log\.1$ LowLog;Selection Lines;
389;/@@;{ROOTPREFIX}var/log/clamav/freshclam\.log\.2\.gz$ LoSerMemberLog;Selection Lines;
390;/@@;{ROOTPREFIX}var/log/clamav/freshclam\.log\.([3-9]|1[0-1])\.gz$ SerMemberLog;Selection Lines;
391;/@@;{ROOTPREFIX}var/log/clamav/freshclam\.log\.12\.gz$ HiSerMemberLog;Selection Lines;
392;/@@;{ROOTPREFIX}var/lib/clamav/(daily|main)\.inc$ VarDir;Selection Lines;
393;/@@;{ROOTPREFIX}var/lib/clamav/bytecode\.cld$ VarFile;Selection Lines;
394;/@@;{ROOTPREFIX}var/lib/clamav/daily\.inc/daily\.(info|[nmhp]db)$ VarFile;Selection Lines;
395;/@@;{ROOTPREFIX}var/lib/clamav/mirrors.dat$ VarFile;Selection Lines;
396;/@@;{ROOTPREFIX}@@{RUN}/clamav/freshclam\.pid$ VarFile;Selection Lines;
397;;;Selection Lines;
398;/@@;{ROOTPREFIX}@@{RUN}/console-log(/Debian-console-log)?$ VarFile;Selection Lines;
399;/@@;{ROOTPREFIX}@@{RUN}/console-log/Debian-console-log/(8-_-_var_-_log_-_exim4_-_mainlog|9-_-_var_-_log_-_syslog_-_syslog)$ VarFile;Selection Lines;
400;;;Selection Lines;
401;/@@;{ROOTPREFIX}var/cache/cracklib/cracklib_dict\.(pwi|twm|pwd)$ Full-m-c;Selection Lines;
402;;;Selection Lines;
403;/@@;{ROOTPREFIX}var/cache/cracklib/cracklib_dict\.(hwm|pw(d|i))$ VarFile;Selection Lines;
404;;;Selection Lines;
405;/@@;{ROOTPREFIX}@@{RUN}/crond\.(pid|reboot)$ VarFile;Selection Lines;
406;;;Selection Lines;
407;/@@;{ROOTPREFIX}var/lib/cron-apt/_-_etc_-_cron-apt_-_config/mailchanges/(0-update-|3-download-)[0-9a-f]{32}$ VarFile;Selection Lines;
408;!/@@;{ROOTPREFIX}var/lib/cron-apt/lockfile$;Selection Lines;
409;/@@;{ROOTPREFIX}var/lib/cron-apt$ VarDir;Selection Lines;
410;!/@@;{ROOTPREFIX}tmp/cron-apt\.[a-zA-Z0-9]{6}$;Selection Lines;
411;!/@@;{ROOTPREFIX}tmp/cron-apt\.[a-zA-Z0-9]{6}/initlog$;Selection Lines;
412;/@@;{ROOTPREFIX}var/log/cron-apt/log$ Log;Selection Lines;
413;/@@;{ROOTPREFIX}var/log/cron-apt/log\.1\.gz$ LoSerMemberLog;Selection Lines;
414;/@@;{ROOTPREFIX}var/log/cron-apt/log\.[23]\.gz$ SerMemberLog;Selection Lines;
415;/@@;{ROOTPREFIX}var/log/cron-apt/log\.4\.gz$ HiSerMemberLog;Selection Lines;
416;/@@;{ROOTPREFIX}var/log/cron-apt$ VarDir;Selection Lines;
417;@@define ;CUPS_LOGS (access|error|page|cups-pdf);Macro Lines;
418;/@@;{ROOTPREFIX}var/log/cups/@@{CUPS_LOGS}_log$ Log;Selection Lines;
419;/@@;{ROOTPREFIX}var/log/cups/@@{CUPS_LOGS}_log\.1\.gz$ LoSerMemberLog;Selection Lines;
420;/@@;{ROOTPREFIX}var/log/cups/@@{CUPS_LOGS}_log\.[2-6]\.gz$ SerMemberLog;Selection Lines;
421;/@@;{ROOTPREFIX}var/log/cups/@@{CUPS_LOGS}_log\.7\.gz$ HiSerMemberLog;Selection Lines;
422;/@@;{ROOTPREFIX}var/log/cups$ VarDir;Selection Lines;
423;;;Selection Lines;
424;/@@;{ROOTPREFIX}var/cache/cups$ VarDir;Selection Lines;
425;/@@;{ROOTPREFIX}var/cache/cups/(job|remote)\.cache$ VarFile;Selection Lines;
426;/@@;{ROOTPREFIX}var/cache/cups/job\.cache\.O$ VarFile;Selection Lines;
427;/@@;{ROOTPREFIX}var/cache/cups/(([0-9]|([1-9]|1[0-9]|2[0-4])[0-9]|25[0-5])\.){3}([0-9]|([1-9]|1[0-9]|2[0-4])[0-9]|25[0-5])\.snmp$ VarTime;Selection Lines;
428;;;Selection Lines;
429;!/@@;{ROOTPREFIX}var/spool/cups/(c[0-9]{5}|d[0-9]{5}-[0-9]{3})$;Selection Lines;
430;!/@@;{ROOTPREFIX}var/spool/cups/tmp/cups-dbus-notifier-lockfile$;Selection Lines;
431;/@@;{ROOTPREFIX}var/spool/cups(/tmp)?$ VarDir;Selection Lines;
432;;;Selection Lines;
433;!/@@;{ROOTPREFIX}@@{RUN}/cups/certs/0$;Selection Lines;
434;/@@;{ROOTPREFIX}@@{RUN}/cups/(printcap|cups(d\.pid|\.sock))$ VarFile;Selection Lines;
435;/@@;{ROOTPREFIX}@@{RUN}/cups(/certs)?$ VarDirInode;Selection Lines;
436;;;Selection Lines;
437;/@@;{ROOTPREFIX}etc/cups$ VarDir;Selection Lines;
438;/@@;{ROOTPREFIX}etc/cups/(printers|subscriptions)\.conf(\.O)?$ VarFile;Selection Lines;
439;;;Selection Lines;
440;/@@;{ROOTPREFIX}@@{RUN}/dbus/(pid|system_bus_socket)$ VarFile;Selection Lines;
441;/@@;{ROOTPREFIX}@@{RUN}/dbus$ VarDirInode;Selection Lines;
442;;;Selection Lines;
443;/@@;{ROOTPREFIX}var/cache/ddclient/ddclient\.cache$ VarFile;Selection Lines;
444;/@@;{ROOTPREFIX}@@{RUN}/ddclient\.pid$ VarFile;Selection Lines;
445;;;Selection Lines;
446;/@@;{ROOTPREFIX}var/cache/debconf/(config|templates)\.dat(-old)?$ VarFile;Selection Lines;
447;/@@;{ROOTPREFIX}var/cache/debconf$ VarDir;Selection Lines;
448;;;Selection Lines;
449;/@@;{ROOTPREFIX}var/lib/debsecan/history$ VarFile;Selection Lines;
450;/@@;{ROOTPREFIX}var/lib/debsecan$ VarDir;Selection Lines;
451;;;Selection Lines;
452;/@@;{ROOTPREFIX}var/lib/dlocate/(dpkg-list|dlocate(db)?(\.old|\.stamps)?)$ VarFile;Selection Lines;
453;/@@;{ROOTPREFIX}var/lib/dlocate$ VarDir;Selection Lines;
454;;;Selection Lines;
455;/@@;{ROOTPREFIX}var/lib/dokuwiki/data/cache/[0-9a-f]/[0-9a-f]{32}\.(feed|i|xhtml)$ VarFile;Selection Lines;
456;/@@;{ROOTPREFIX}var/lib/dokuwiki/data/(changes\.log|(index|word)\.idx)$ VarFile;Selection Lines;
457;/@@;{ROOTPREFIX}var/lib/dokuwiki/data/meta/([a-z]+\.indexed|_dokuwiki\.changes)$ VarFile;Selection Lines;
458;/@@;{ROOTPREFIX}var/lib/dokuwiki/data/meta$ VarDir;Selection Lines;
459;/@@;{ROOTPREFIX}var/lib/dokuwiki/data/pages/[a-z]+\.txt$ VarFile;Selection Lines;
460;/@@;{ROOTPREFIX}var/lib/dokuwiki/data/(attic|cache|locks|pages)$ VarDir;Selection Lines;
461;;;Selection Lines;
462;/@@;{ROOTPREFIX}var/lib/dovecot/ssl-parameters\.dat$ VarFile;Selection Lines;
463;/@@;{ROOTPREFIX}var/lib/dovecot$ VarDir;Selection Lines;
464;/@@;{ROOTPREFIX}@@{RUN}/dovecot/(auth-worker\.[0-9]{4}|master\.pid)$ VarFile;Selection Lines;
465;/@@;{ROOTPREFIX}@@{RUN}/dovecot/login/(default|ssl-parameters\.dat)$ VarFile;Selection Lines;
466;/@@;{ROOTPREFIX}@@{RUN}/dovecot(/login)?$ VarDirInode;Selection Lines;
467;;;Selection Lines;
468;/@@;{ROOTPREFIX}var/lib/dpkg/(available|status)(-old)?$ VarFile;Selection Lines;
469;/@@;{ROOTPREFIX}var/lib/dpkg/status\.yesterday(\.[0-9]*)?(\.gz)?$ VarFile;Selection Lines;
470;/@@;{ROOTPREFIX}var/lib/dpkg/triggers/Lock$ VarFile;Selection Lines;
471;/@@;{ROOTPREFIX}var/lib/dpkg/(info|updates|lock)$ VarDir;Selection Lines;
472;/@@;{ROOTPREFIX}var/lib/dpkg$ VarDir;Selection Lines;
473;/@@;{ROOTPREFIX}var/log/(alternatives|dpkg)\.log$ Log;Selection Lines;
474;/@@;{ROOTPREFIX}var/log/(alternatives|dpkg)\.log\.1$ LowLog;Selection Lines;
475;/@@;{ROOTPREFIX}var/log/(alternatives|dpkg)\.log\.2\.gz$ LoSerMemberLog;Selection Lines;
476;/@@;{ROOTPREFIX}var/log/(alternatives|dpkg)\.log\.([3-9]|1[0-1])\.gz$ SerMemberLog;Selection Lines;
477;/@@;{ROOTPREFIX}var/log/(alternatives|dpkg)\.log\.12\.gz$ HiSerMemberLog;Selection Lines;
478;/@@;{ROOTPREFIX}var/backups/(alternatives\.tar|dpkg\.(status|diversions|statoverride))\.0$ LowLog;Selection Lines;
479;/@@;{ROOTPREFIX}var/backups/(alternatives\.tar|dpkg\.(status|diversions|statoverride))\.1\.gz$ LoSerMemberLog;Selection Lines;
480;/@@;{ROOTPREFIX}var/backups/(alternatives\.tar|dpkg\.(status|diversions|statoverride))\.[2345]\.gz$ SerMemberLog;Selection Lines;
481;/@@;{ROOTPREFIX}var/backups/(alternatives\.tar|dpkg\.(status|diversions|statoverride))\.6\.gz$ HiSerMemberLog;Selection Lines;
482;;;Selection Lines;
483;/@@;{ROOTPREFIX}etc/\.git/index$ VarInode;Selection Lines;
484;/@@;{ROOTPREFIX}etc/\.git$ VarDirTime;Selection Lines;
485;;;Selection Lines;
486;/@@;{ROOTPREFIX}var/spool/exim4/gnutls-params$ VarFile;Selection Lines;
487;/@@;{ROOTPREFIX}var/spool/exim4/db/(wait-remote_smtp(_smarthost)?|retry|callout)$ VarFile;Selection Lines;
488;!/@@;{ROOTPREFIX}var/spool/exim4/input/[a-zA-Z0-9]{6}-[a-zA-Z0-9]{6}-[a-zA-Z0-9]{2}-[DHJ]$;Selection Lines;
489;!/@@;{ROOTPREFIX}var/spool/exim4/msglog/[a-zA-Z0-9]{6}-[a-zA-Z0-9]{6}-[a-zA-Z0-9]{2}$;Selection Lines;
490;!/@@;{ROOTPREFIX}var/spool/exim4/gnutls-params$;Selection Lines;
491;!/@@;{ROOTPREFIX}var/spool/exim4/.rnd$;Selection Lines;
492;/@@;{ROOTPREFIX}var/spool/exim4(/(input|msglog|scan))?$ VarDir;Selection Lines;
493;/@@;{ROOTPREFIX}var/lib/exim4/config.autogenerated$ VarFile;Selection Lines;
494;/@@;{ROOTPREFIX}@@{RUN}/exim4/exim.pid$ VarFile;Selection Lines;
495;/@@;{ROOTPREFIX}var/lib/exim4$ VarDir;Selection Lines;
496;/@@;{ROOTPREFIX}@@{RUN}/exim4$ VarDirInode;Selection Lines;
497;@@define ;EXIM4_LOGS (main|reject);Macro Lines;
498;/@@;{ROOTPREFIX}var/log/exim4/@@{EXIM4_LOGS}log$ Log;Selection Lines;
499;/@@;{ROOTPREFIX}var/log/exim4/@@{EXIM4_LOGS}log\.1$ LowLog;Selection Lines;
500;/@@;{ROOTPREFIX}var/log/exim4/@@{EXIM4_LOGS}log\.2\.gz$ LoSerMemberLog;Selection Lines;
501;/@@;{ROOTPREFIX}var/log/exim4/@@{EXIM4_LOGS}log\.[3-9]\.gz$ SerMemberLog;Selection Lines;
502;/@@;{ROOTPREFIX}var/log/exim4/@@{EXIM4_LOGS}log\.10\.gz$ HiSerMemberLog;Selection Lines;
503;/@@;{ROOTPREFIX}var/log/exim4$ VarDir;Selection Lines;
504;;;Selection Lines;
505;/@@;{ROOTPREFIX}var/log/fail2ban\.log$ Log;Selection Lines;
506;/@@;{ROOTPREFIX}var/log/fail2ban\.log\.1$ LowLog;Selection Lines;
507;/@@;{ROOTPREFIX}var/log/fail2ban\.log\.2\.gz$ LoSerMemberLog;Selection Lines;
508;/@@;{ROOTPREFIX}var/log/fail2ban\.log\.3\.gz$ SerMemberLog;Selection Lines;
509;/@@;{ROOTPREFIX}var/log/fail2ban\.log\.4\.gz$ HiSerMemberLog;Selection Lines;
510;/@@;{ROOTPREFIX}@@{RUN}/fail2ban/fail2ban\.(sock|pid)$ VarFile;Selection Lines;
511;/@@;{ROOTPREFIX}@@{RUN}/fail2ban$ VarDirInode;Selection Lines;
512;;;Selection Lines;
513;/@@;{ROOTPREFIX}@@{RUN}/fcron\.(pid|fifo)$ VarFile;Selection Lines;
514;/@@;{ROOTPREFIX}var/spool/fcron/systab$ VarFile;Selection Lines;
515;/@@;{ROOTPREFIX}var/spool/fcron$ VarDir;Selection Lines;
516;;;Selection Lines;
517;/@@;{ROOTPREFIX}var/cache/locate/locatedb$ VarFile;Selection Lines;
518;/@@;{ROOTPREFIX}var/cache/locate$ VarDir;Selection Lines;
519;;;Selection Lines;
520;!/@@;{ROOTPREFIX}@@{RUN}/user/[0-9]+/gnupg(/S.(dirmngr|gpg-agent(\.(browser|extra|ssh))?|scdaemon))?$;Selection Lines;
521;;;Selection Lines;
522;/@@;{ROOTPREFIX}@@{RUN}/hald/hald\.pid$ VarFile;Selection Lines;
523;/@@;{ROOTPREFIX}@@{RUN}/hald$ VarDirInode;Selection Lines;
524;;;Selection Lines;
525;/@@;{ROOTPREFIX}@@{RUN}/hdapsd\.pid$ VarFile;Selection Lines;
526;@@define ;INTERFACES eth0;Macro Lines;
527;/@@;{ROOTPREFIX}@@{RUN}/ifplugd\.@@{INTERFACES}\.pid$ VarFile;Selection Lines;
528;;;Selection Lines;
529;/@@;{ROOTPREFIX}@@{RUN}/network/ifstate$ VarFile;Selection Lines;
530;;;Selection Lines;
531;/@@;{ROOTPREFIX}@@{RUN}/inetd\.pid$ VarFile;Selection Lines;
532;;;Selection Lines;
533;/@@;{ROOTPREFIX}@@{DEVDOT}initramfs$ VarDirInode;Selection Lines;
534;;;Selection Lines;
535;/@@;{ROOTPREFIX}var/lib/urandom/random-seed$ VarFile;Selection Lines;
536;/@@;{ROOTPREFIX}var/lib/(urandom|initscripts)$ VarDir;Selection Lines;
537;/@@;{ROOTPREFIX}var/log/dmesg$ Log;Selection Lines;
538;/@@;{ROOTPREFIX}var/log/dmesg\.0$ LowLog;Selection Lines;
539;/@@;{ROOTPREFIX}var/log/dmesg\.1\.gz$ LoSerMemberLog;Selection Lines;
540;/@@;{ROOTPREFIX}var/log/dmesg\.[23]\.gz$ SerMemberLog;Selection Lines;
541;/@@;{ROOTPREFIX}var/log/dmesg\.4\.gz$ HiSerMemberLog;Selection Lines;
542;/@@;{ROOTPREFIX}var/log/fsck/check(root|fs)$ VarFile;Selection Lines;
543;/@@;{ROOTPREFIX}@@{RUN}/motd$ VarFile;Selection Lines;
544;@@define ;NEWSLOGS (errlog|expire\.log|news(\.crit|\.err|\.notice)?|rc\.news|sendsys\.log|unwanted\.log|inn_status\.html|innfeed\.status|expire\.(lastlowmark|list));Macro Lines;
545;@@define ;OLDLOGS (active|errlog|expire\.log|news(\.crit|\.err|\.notice)?|sendsys\.log|unwanted\.log);Macro Lines;
546;!/@@;{ROOTPREFIX}var/lib/news/history(\.(dir|hash|index))?$;Selection Lines;
547;/@@;{ROOTPREFIX}var/lib/news/(active(\.old)?|newsgroups|\.news\.daily)$ VarFile;Selection Lines;
548;;;Selection Lines;
549;!/@@;{ROOTPREFIX}var/spool/news/articles(/[-a-z0-9+]+)+$;Selection Lines;
550;/@@;{ROOTPREFIX}var/spool/news/overview/group\.index$ VarFile;Selection Lines;
551;!/@@;{ROOTPREFIX}var/spool/news/overview(/[a-z0-9])+/[-\.a-z0-9+]+\.(IDX|DAT)$;Selection Lines;
552;/@@;{ROOTPREFIX}var/spool/news/overview(/[a-z0-9])+$ VarDir;Selection Lines;
553;!/@@;{ROOTPREFIX}var/spool/news/articles/control/(newgroup|checkgroups|rmgroup)/[0-9]*$;Selection Lines;
554;/@@;{ROOTPREFIX}var/spool/news/innfeed/@@{INN2_INNFEED_OUTFEEDS}\.(lock|output|input)$ VarFile;Selection Lines;
555;!/@@;{ROOTPREFIX}var/spool/news/innfeed/innfeed-dropped\.A[0-9]{6}$;Selection Lines;
556;/@@;{ROOTPREFIX}var/spool/news/innfeed$ VarDir;Selection Lines;
557;/@@;{ROOTPREFIX}var/spool/news/incoming(/tmp)?$ VarDir;Selection Lines;
558;;;Selection Lines;
559;/@@;{ROOTPREFIX}@@{RUN}/news/(control|(innd|innfeed|innwatch)\.pid|innwatch\.time|LOCK\.innwatch|nntpin)$ VarFile;Selection Lines;
560;/@@;{ROOTPREFIX}@@{RUN}/news$ VarDirInode;Selection Lines;
561;;;Selection Lines;
562;/@@;{ROOTPREFIX}var/log/news/path/inpaths\.[0-9]{10}$ VarFile+ANF;Selection Lines;
563;/@@;{ROOTPREFIX}var/log/news/@@{NEWSLOGS}$ VarFile;Selection Lines;
564;/@@;{ROOTPREFIX}var/log/news/OLD/(expire\.log\.0|unwanted\.log)$ VarFile;Selection Lines;
565;/@@;{ROOTPREFIX}var/log/news/OLD/@@{OLDLOGS}\.1\.gz$ LoSerMemberLog;Selection Lines;
566;/@@;{ROOTPREFIX}var/log/news/OLD/@@{OLDLOGS}\.[0-9]+\.gz$ SerMemberLog;Selection Lines;
567;/@@;{ROOTPREFIX}var/log/news(/(path|OLD))?$ VarDir;Selection Lines;
568;;;Selection Lines;
569;/@@;{ROOTPREFIX}@@{RUN}/ippl/ippl.(pid|conf)$ VarFile;Selection Lines;
570;/@@;{ROOTPREFIX}@@{RUN}/ippl$ VarDirInode;Selection Lines;
571;;;Selection Lines;
572;@@ifdef; ISCDHCLIENTIFACE;Selection Lines;
573;/@@;{ROOTPREFIX}@@{RUN}/dhclient\.@@{ISCDHCLIENTIFACE}\.pid$ VarFile;Selection Lines;
574;/@@;{ROOTPREFIX}var/lib/dhcp/dhclient\.@@{ISCDHCLIENTIFACE}\.leases$ VarFile;Selection Lines;
575;@@endif;;Macro Lines;
576;/@@;{ROOTPREFIX}@@{RUN}/dhcpd\.pid$ VarFile;Selection Lines;
577;/@@;{ROOTPREFIX}var/lib/dhcp/dhcpd6?.leases~?$ VarFile;Selection Lines;
578;/@@;{ROOTPREFIX}var/lib/dhcp$ VarDir;Selection Lines;
579;;;Selection Lines;
580;/@@;{ROOTPREFIX}var/tmp/krb5kdc_rcache$ VarFile;Selection Lines;
581;/@@;{ROOTPREFIX}var/tmp/(nfs|host)_[0-9]+$ VarFile;Selection Lines;
582;/@@;{ROOTPREFIX}tmp/krb5cc_machine_[A-Z.]+$ VarFile;Selection Lines;
583;!/@@;{ROOTPREFIX}tmp/krb5cc_[0-9]+_[[:alnum:]]+$;Selection Lines;
584;/@@;{ROOTPREFIX}var/lib/krb5kdc/principal$ VarFile+s+b+i;Selection Lines;
585;/@@;{ROOTPREFIX}var/lib/krb5kdc/principal\.ok$ VarTime;Selection Lines;
586;;;Selection Lines;
587;/@@;{ROOTPREFIX}@@{RUN}/laptop-mode-tools/(state(-brightness-command)?|enabled|start-stop-undo-actions|nolm-mountopts)$ VarFile;Selection Lines;
588;/@@;{ROOTPREFIX}@@{RUN}/laptop-mode-tools$ VarDirInode;Selection Lines;
589;/@@;{ROOTPREFIX}@@{RUNLOCK}/lmt-(req|invoc)\.lock$ VarInode;Selection Lines;
590;;;Selection Lines;
591;/@@;{ROOTPREFIX}var/log/lastlog$ Log;Selection Lines;
592;;;Selection Lines;
593;/@@;{ROOTPREFIX}var/lib/apache2/fcgid/sock$ VarDir;Selection Lines;
594;!/@@;{ROOTPREFIX}var/lib/apache2/fcgid/sock/[0-9]{5}\.[0-9]$;Selection Lines;
595;;;Selection Lines;
596;/@@;{ROOTPREFIX}var/(lib|cache)/libvirt/qemu$ VarDir;Selection Lines;
597;/@@;{ROOTPREFIX}@@{RUN}/libvirtd\.pid$ VarFile;Selection Lines;
598;/@@;{ROOTPREFIX}@@{RUN}/libvirt/libvirt-sock(-ro)?$ VarFile;Selection Lines;
599;/@@;{ROOTPREFIX}var/lib/libvirt/qemu/[-[:alnum:]]+\.monitor$ VarInode;Selection Lines;
600;/@@;{ROOTPREFIX}var/lib/libvirt/qemu/(save|snapshot)$ VarDir;Selection Lines;
601;/@@;{ROOTPREFIX}var/lib/libvirt$ VarDir;Selection Lines;
602;/@@;{ROOTPREFIX}@@{RUNLOCK}/libvirt-guests$ VarDirInode;Selection Lines;
603;/@@;{ROOTPREFIX}@@{RUN}/libvirt/qemu/[-[:alnum:]]+\.(pid|xml)$ VarFile;Selection Lines;
604;/@@;{ROOTPREFIX}@@{RUN}/libvirt(/(qemu|uml-guest))?$ VarDirInode;Selection Lines;
605;@@define ;LIGHTTP_LOGS (access|error);Macro Lines;
606;/@@;{ROOTPREFIX}var/log/lighttpd/@@{LIGHTTP_LOGS}\.log$ Log;Selection Lines;
607;/@@;{ROOTPREFIX}var/log/lighttpd/@@{LIGHTTP_LOGS}\.log\.1$ LowLog;Selection Lines;
608;/@@;{ROOTPREFIX}var/log/lighttpd/@@{LIGHTTP_LOGS}\.log\.2\.gz$ LoSerMemberLog;Selection Lines;
609;/@@;{ROOTPREFIX}var/log/lighttpd/@@{LIGHTTP_LOGS}\.log\.([3-9]|10|11)\.gz$ SerMemberLog;Selection Lines;
610;/@@;{ROOTPREFIX}var/log/lighttpd/@@{LIGHTTP_LOGS}\.log\.12\.gz$ HiSerMemberLog;Selection Lines;
611;;;Selection Lines;
612;/@@;{ROOTPREFIX}@@{RUN}/lighttpd\.pid$ VarFile;Selection Lines;
613;/@@;{ROOTPREFIX}@@{RUN}/lighttpd$ VarDirInode;Selection Lines;
614;;;Selection Lines;
615;/@@;{ROOTPREFIX}tmp/php\.socket-[0-9]$ VarFile;Selection Lines;
616;;;Selection Lines;
617;/@@;{ROOTPREFIX}var/lib/logcheck/offset\.var\.log\.(syslog|auth\.log)$ VarFile;Selection Lines;
618;/@@;{ROOTPREFIX}var/lib/logcheck$ VarDir;Selection Lines;
619;/@@;{ROOTPREFIX}@@{RUNLOCK}/logcheck$ VarDirInode;Selection Lines;
620;;;Selection Lines;
621;/@@;{ROOTPREFIX}var/lib/logrotate$ VarDir;Selection Lines;
622;/@@;{ROOTPREFIX}var/lib/logrotate/status$ VarFile;Selection Lines;
623;;;Selection Lines;
624;/@@;{ROOTPREFIX}etc/lvm/cache/\.cache$ VarInode;Selection Lines;
625;/@@;{ROOTPREFIX}etc/lvm/cache$ VarDir;Selection Lines;
626;/@@;{ROOTPREFIX}@@{RUNLOCK}/lvm$ VarDirInode;Selection Lines;
627;;;Selection Lines;
628;/@@;{ROOTPREFIX}var/mail/[a-z0-9]+$ VarFile;Selection Lines;
629;/@@;{ROOTPREFIX}var/mail$ VarDir;Selection Lines;
630;;;Selection Lines;
631;!/@@;{ROOTPREFIX}var/lib/mailman/data/(bounce-events|heldmsg-[-[:alnum:]]+)-[[:digit:]]+\.pck$;Selection Lines;
632;/@@;{ROOTPREFIX}var/lib/mailman/data$ VarDir;Selection Lines;
633;!/@@;{ROOTPREFIX}var/lib/mailman/archives/private/[-[:alnum:]]+/database/@@{YEAR4D}-[[:alnum:]]+-(author|subject|thread|article|date)$;Selection Lines;
634;!/@@;{ROOTPREFIX}var/lib/mailman/archives/private/[-[:alnum:]]+/@@{YEAR4D}-[[:alnum:]]+/(author|subject|thread|date|index|[[:digit:]]{5,6})\.html$;Selection Lines;
635;!/@@;{ROOTPREFIX}var/lib/mailman/archives/private/[-[:alnum:]]+/@@{YEAR4D}-[[:alnum:]]\.txt(\.gz)?$;Selection Lines;
636;!/@@;{ROOTPREFIX}var/lib/mailman/archives/private/[-[:alnum:]]+/attachments/[[:digit:]]{8}/[[:digit:]]{8}/[[:alnum:]\.]+$;Selection Lines;
637;;;Selection Lines;
638;/@@;{ROOTPREFIX}var/lib/mailman/lists/[-[:alnum:]]+/(config|request|pending)\.pck$ VarFile;Selection Lines;
639;/@@;{ROOTPREFIX}var/lib/mailman/lists/[-[:alnum:]]+/(config)\.pck\.last$ VarFile;Selection Lines;
640;/@@;{ROOTPREFIX}var/lib/mailman/lists/[-[:alnum:]]+$ VarDir;Selection Lines;
641;;;Selection Lines;
642;/@@;{ROOTPREFIX}var/lib/mailman/qfiles/(in|archive|bounces|retry|out|virgin)$ VarFile;Selection Lines;
643;;;Selection Lines;
644;/@@;{ROOTPREFIX}@@{RUNLOCK}/mailman/master-qrunner(\.[[:alnum:]]+\.[[:digit:]]+)?$ VarFile;Selection Lines;
645;/@@;{ROOTPREFIX}@@{RUNLOCK}/mailman$ VarDirInode;Selection Lines;
646;;;Selection Lines;
647;/@@;{ROOTPREFIX}var/log/mailman$ VarDir;Selection Lines;
648;@@define ;LOGFILES4 (vette|error|bounce|digest);Macro Lines;
649;/@@;{ROOTPREFIX}var/log/mailman/@@{LOGFILES4}$ Log;Selection Lines;
650;/@@;{ROOTPREFIX}var/log/mailman/@@{LOGFILES4}\.1$ LowLog;Selection Lines;
651;/@@;{ROOTPREFIX}var/log/mailman/@@{LOGFILES4}\.2\.gz$ LoSerMemberLog;Selection Lines;
652;/@@;{ROOTPREFIX}var/log/mailman/@@{LOGFILES4}\.3\.gz$ SerMemberLog;Selection Lines;
653;/@@;{ROOTPREFIX}var/log/mailman/@@{LOGFILES4}\.4\.gz$ HiSerMemberLog;Selection Lines;
654;@@define ; LOGFILES12 (subscribe|post);Macro Lines;
655;/@@;{ROOTPREFIX}var/log/mailman/@@{LOGFILES12}$ Log;Selection Lines;
656;/@@;{ROOTPREFIX}var/log/mailman/@@{LOGFILES12}\.1$ LowLog;Selection Lines;
657;/@@;{ROOTPREFIX}var/log/mailman/@@{LOGFILES12}\.2\.gz$ LoSerMemberLog;Selection Lines;
658;/@@;{ROOTPREFIX}var/log/mailman/@@{LOGFILES12}\.([3-9]|1[0-1])\.gz$ SerMemberLog;Selection Lines;
659;/@@;{ROOTPREFIX}var/log/mailman/@@{LOGFILES12}\.12\.gz$ HiSerMemberLog;Selection Lines;
660;@@define ;define LOGFILES7 (qrunner|fromusenet|locks|smtp(-failure)?);Macro Lines;
661;/@@;{ROOTPREFIX}var/log/mailman/@@{LOGFILES7}$ Log;Selection Lines;
662;/@@;{ROOTPREFIX}var/log/mailman/@@{LOGFILES7}\.1$ LowLog;Selection Lines;
663;/@@;{ROOTPREFIX}var/log/mailman/@@{LOGFILES7}\.2\.gz$ LoSerMemberLog;Selection Lines;
664;/@@;{ROOTPREFIX}var/log/mailman/@@{LOGFILES7}\.[3-6]\.gz$ SerMemberLog;Selection Lines;
665;/@@;{ROOTPREFIX}var/log/mailman/@@{LOGFILES7}\.7\.gz$ HiSerMemberLog;Selection Lines;
666;/@@;{ROOTPREFIX}var/cache/man/(cat[123456789]|local|opt|fsstnd|oldlocal|X11R6)$ VarDir;Macro Lines;
667;@@define ;LANGS (ca|cs|da|de(\.UTF-8)?|en|es(\.UTF-8)?|fi|fr(\.(ISO8859-1|UTF-8))?|gl|hr|hu|id|it(\.(ISO8859-1|UTF-8))?|ja(\.UTF-8)?|jp|ko|nl|pl(\.(UTF-8|ISO8859-2))?|pt(_BR)?|ro|ru|sv|sk|sl|t>;Macro Lines;
668;/@@;{ROOTPREFIX}var/cache/man(/@@{LANGS})?/(CACHEDIR\.TAG|index\.db)$ VarFile;Selection Lines;
669;/@@;{ROOTPREFIX}var/cache/man(/@@{LANGS})?$ VarDir;Selection Lines;
670;/@@;{ROOTPREFIX}@@{RUN}/mdadm/(monitor|autorebuild)\.pid$ VarFile;Selection Lines;
671;/@@;{ROOTPREFIX}run/mdadm/m(ap|d[0-9]+-uevent)$ VarInode;Selection Lines;
672;/@@;{ROOTPREFIX}@@{RUN}/mdadm$ VarDirInode;Selection Lines;
673;;;Selection Lines;
674;/@@;{ROOTPREFIX}var/lib/mlocate/mlocate\.db$ VarFile;Selection Lines;
675;/@@;{ROOTPREFIX}var/lib/mlocate$ VarDir;Selection Lines;
676;!/@@;{ROOTPREFIX}@@{RUN}/mlocate\.daily\.lock$;Selection Lines;
677;;;Selection Lines;
678;/@@;{ROOTPREFIX}lib/modules/[-0-9\.]*/modules\.dep$ VarFile;Selection Lines;
679;;;Selection Lines;
680;/@@;{ROOTPREFIX}var/cache/munin/www/index\.html$ VarFile;Selection Lines;
681;@@ifdef;DNSDOMAINNAME;Macro Lines;
682;@@ifdef;FQDN;Macro Lines;
683;/@@;{ROOTPREFIX}var/cache/munin/www/@@{DNSDOMAINNAME}/(index\.html|@@{FQDN}/[-_[:alnum:]]+\.(png|html))$ VarFile;Selection Lines;
684;/@@;{ROOTPREFIX}var/lib/munin/@@{DNSDOMAINNAME}/@@{FQDN}-.*\.rrd$ VarFile;Selection Lines;
685;/@@;{ROOTPREFIX}@@{RUN}/munin/munin-@@{DNSDOMAINNAME}-@@{FQDN}\.lock$ VarFile;Selection Lines;
686;@@endif;;Macro Lines;
687;/@@;{ROOTPREFIX}var/cache/munin/www/@@{DNSDOMAINNAME}/comparison-(month|day|year|week)\.html$ VarFile;Selection Lines;
688;@@endif;;Macro Lines;
689;!/@@;{ROOTPREFIX}@@{RUN}/munin/munin-(update|datafile|graph|limits|html)\.lock$;Selection Lines;
690;/@@;{ROOTPREFIX}var/lib/munin/(limits|datafiles|munin-(update|graph)\.stats)$ VarFile;Selection Lines;
691;!/@@;{ROOTPREFIX}var/lib/munin/munin-(update|graph)\.stats\.tmp$;Selection Lines;
692;/@@;{ROOTPREFIX}var/lib/munin/plugin-state/(exim_mailstats(-(([0-9]|([1-9]|1[0-9]|2[0-4])[0-9]|25[0-5])\.){3}([0-9]|([1-9]|1[0-9]|2[0-4])[0-9]|25[0-5]))?|(smart-[sh]d[a-z]|munin-cupsys-pages)\>;Selection Lines;
693;/@@;{ROOTPREFIX}var/lib/munin/plugin-state/(postfix_mailvolume|_proc_net_tcp[6]?)$ VarFile;Selection Lines;
694;/@@;{ROOTPREFIX}var/lib/munin/datafile$ VarFile;Selection Lines;
695;/@@;{ROOTPREFIX}var/lib/munin$ VarDir;Selection Lines;
696;@@define ; LOGFILES (node|graph|update|html|limits);Macro Lines;
697;/@@;{ROOTPREFIX}var/log/munin/munin-@@{LOGFILES}\.log$ Log;Selection Lines;
698;/@@;{ROOTPREFIX}var/log/munin/munin-@@{LOGFILES}\.log\.1\.gz$ LoSerMemberLog;Selection Lines;
699;/@@;{ROOTPREFIX}var/log/munin/munin-@@{LOGFILES}\.log\.[2-6]\.gz$ SerMemberLog;Selection Lines;
700;/@@;{ROOTPREFIX}var/log/munin/munin-@@{LOGFILES}\.log\.7\.gz$ HiSerMemberLog;Selection Lines;
701;/@@;{ROOTPREFIX}var/log/munin$ VarDir;Selection Lines;
702;!/@@;{ROOTPREFIX}@@{RUN}/munin/munin-server-socket\.[0-9]+$;Selection Lines;
703;/@@;{ROOTPREFIX}@@{RUN}/munin/munin-node\.pid$ VarFile;Selection Lines;
704;/@@;{ROOTPREFIX}@@{RUN}/munin$ VarDirInode;Selection Lines;
705;;;Selection Lines;
706;/@@;{ROOTPREFIX}var/lib/mysql$ VarDir;Selection Lines;
707;/@@;{ROOTPREFIX}var/lib/mysql/(ibdata1|ib_logfile0)$ VarFile;Selection Lines;
708;/@@;{ROOTPREFIX}var/log/mysql$ VarDir;Selection Lines;
709;/@@;{ROOTPREFIX}var/log/mysql/mysql-bin\.index$ VarFile;Selection Lines;
710;!/@@;{ROOTPREFIX}var/log/mysql/mysql-bin\.[0-9]{3}$;Selection Lines;
711;!/@@;{ROOTPREFIX}var/log/mysql/mysql-bin\.[0-9]{6}$;Selection Lines;
712;/@@;{ROOTPREFIX}@@{RUN}/mysqld/mysqld\.(sock|pid)$ VarFile;Selection Lines;
713;/@@;{ROOTPREFIX}@@{RUN}/mysqld$ VarDirInode;Selection Lines;
714;/@@;{ROOTPREFIX}var/cache/nagios2/(objects\.cache|status\.dat)$ VarFile;Selection Lines;
715;/@@;{ROOTPREFIX}var/lib/nagios2/(comments|retention)\.dat$ VarFile;Selection Lines;
716;/@@;{ROOTPREFIX}var/lib/nagios2/rw/nagios\.cmd$ VarFile;Selection Lines;
717;/@@;{ROOTPREFIX}var/lib/nagios2/rw$ VarDir;Selection Lines;
718;/@@;{ROOTPREFIX}var/log/nagios2/nagios\.log$ LowLog;Selection Lines;
719;/@@;{ROOTPREFIX}var/log/nagios2/archives/nagios-[01][0-9]-[0123][0-9]-@@{YEAR4D}-00\.log$ SerMemberDELog;Selection Lines;
720;/@@;{ROOTPREFIX}@@{RUN}/nagios2/nagios2\.pid$ VarFile;Selection Lines;
721;/@@;{ROOTPREFIX}var/(cache|lib|log)/nagios2$ VarDir;Selection Lines;
722;/@@;{ROOTPREFIX}@@{RUN}/nagios2$ VarDirInode;Selection Lines;
723;/@@;{ROOTPREFIX}var/log/nagios2/archives$ VarDir;Selection Lines;
724;!/@@;{ROOTPREFIX}var/lib/nagios3/spool/checkresults/[a-zA-Z0-9]{7}(\.ok)?$;Selection Lines;
725;/@@;{ROOTPREFIX}var/lib/nagios3/spool/checkresults$ VarDir;Selection Lines;
726;/@@;{ROOTPREFIX}var/lib/nagios3/retention\.dat$ VarFile;Selection Lines;
727;/@@;{ROOTPREFIX}var/lib/nagios3$ VarDir;Selection Lines;
728;;;Selection Lines;
729;/@@;{ROOTPREFIX}var/log/nagios3/archives/nagios-[0-9]{2}-[0-9]{2}-[0-9]{4}-[0-9]{2}\.log$ LoSerMemberLog;Selection Lines;
730;/@@;{ROOTPREFIX}var/log/nagios3/archives$ VarDir;Selection Lines;
731;/@@;{ROOTPREFIX}var/log/nagios3/nagios\.log$ LowLog;Selection Lines;
732;/@@;{ROOTPREFIX}var/log/nagios3$ VarDir;Selection Lines;
733;/@@;{ROOTPREFIX}var/cache/nagios3/(status\.dat|objects\.cache)$ VarFile;Selection Lines;
734;/@@;{ROOTPREFIX}var/cache/nagios3$ VarDir;Selection Lines;
735;;;Selection Lines;
736;/@@;{ROOTPREFIX}@@{RUN}/nagios3/nagios3\.pid$ VarFile;Selection Lines;
737;/@@;{ROOTPREFIX}@@{RUN}/nagios3$ VarDirInode;Selection Lines;
738;;;Selection Lines;
739;/@@;{ROOTPREFIX}@@{RUN}/network$ VarDirInode;Selection Lines;
740;/@@;{ROOTPREFIX}@@{RUN}/(rpc\.statd|sm-notify)\.pid$ VarFile;Selection Lines;
741;/@@;{ROOTPREFIX}var/lib/nfs/state$ VarFile;Selection Lines;
742;/@@;{ROOTPREFIX}var/lib/nfs/etab$ VarInode;Selection Lines;
743;/@@;{ROOTPREFIX}var/lib/nfs/rpc_pipefs/nfs/clnt[0-9]/(info|krb5|idmap)$ VarTime;Selection Lines;
744;/@@;{ROOTPREFIX}var/lib/nfs/rpc_pipefs/nfs/clnt[0-9]$ VarDir;Selection Lines;
745;/@@;{ROOTPREFIX}var/lib/nfs/rpc_pipefs/(statd|portmap|nfs|mount|lockd)$ VarDir;Selection Lines;
746;/@@;{ROOTPREFIX}var/lib/nfs/rpc_pipefs$ VarDirInode;Selection Lines;
747;/@@;{ROOTPREFIX}var/lib/nfs(/v4recovery)?$ VarDir;Selection Lines;
748;;;Selection Lines;
749;/@@;{ROOTPREFIX}@@{RUN}/nagios/nrpe\.pid$ VarFile;Selection Lines;
750;/@@;{ROOTPREFIX}@@{RUN}/nagios$ VarDirInode;Selection Lines;
751;;;Selection Lines;
752;/@@;{ROOTPREFIX}var/cache/nscd/(passwd|group|services)$ VarFile;Selection Lines;
753;/@@;{ROOTPREFIX}@@{RUN}/nscd/(socket|nscd\.pid)$ VarFile;Selection Lines;
754;/@@;{ROOTPREFIX}@@{RUN}/nscd$ VarDirInode;Selection Lines;
755;;;Selection Lines;
756;/@@;{ROOTPREFIX}@@{RUN}/nslcd/(socket|nslcd\.pid)$ VarFile;Selection Lines;
757;/@@;{ROOTPREFIX}@@{RUN}/nslcd$ VarDirInode;Selection Lines;
758;;;Selection Lines;
759;/@@;{ROOTPREFIX}var/lib/ntp/ntp\.drift$ VarFile;Selection Lines;
760;/@@;{ROOTPREFIX}var/lib/ntp$ VarDir;Selection Lines;
761;!/@@;{ROOTPREFIX}var/log/ntpstats/peerstats(\.[0-9]{8})?;Selection Lines;
762;!/@@;{ROOTPREFIX}var/log/ntpstats/loopstats(\.[0-9]{8})?;Selection Lines;
763;/@@;{ROOTPREFIX}var/log/ntpstats$ VarDir;Selection Lines;
764;/@@;{ROOTPREFIX}@@{RUN}/ntpd\.pid$ VarFile;Selection Lines;
765;;;Selection Lines;
766;/@@;{ROOTPREFIX}@@{RUN}/openvpn\.client\.status$ VarFile;Selection Lines;
767;/@@;{ROOTPREFIX}etc/opiekeys$ VarFile;Selection Lines;
768;!/@@;{ROOTPREFIX}@@{RUN}/motd\.dynamic$;Selection Lines;
769;;;Selection Lines;
770;/@@;{ROOTPREFIX}@@{RUN}/pcscd/pcscd\.(pub|comm|pid)$ VarFile;Selection Lines;
771;/@@;{ROOTPREFIX}@@{RUN}/pcscd(/pcscd\.events)?$ VarDirInode;Selection Lines;
772;/@@;{ROOTPREFIX}var/lib/systemd/timers/stamp-phpsessionclean\.timer$ VarFile;Selection Lines;
773;/@@;{ROOTPREFIX}var/lib/php/sessions$ VarDir;Selection Lines;
774;/@@;{ROOTPREFIX}var/lib/php/sessions/sess_[0-9a-z]{26}$ VarFile+ANF+ARF;Selection Lines;
775;/@@;{ROOTPREFIX}var/lib/php/sessions/sess_[0-9a-z]{32}$ VarFile+ANF+ARF;Selection Lines;
776;/@@;{ROOTPREFIX}@@{RUN}/pm-utils/(pm-(suspend|powersave)(/storage)?|locks)$ VarDirInode;Selection Lines;
777;/@@;{ROOTPREFIX}@@{RUN}/portmap(\.pid|_mapping)$ VarFile;Selection Lines;
778;/@@;{ROOTPREFIX}@@{LIBINITRW}/sendsigs\.omit\.d/portmap$ VarInode;Selection Lines;
779;/@@;{ROOTPREFIX}var/lib/postfix/prng_exch$ VarFile;Selection Lines;
780;/@@;{ROOTPREFIX}var/spool/postfix/(active|incoming|maildrop)$ VarDir;Selection Lines;
781;/@@;{ROOTPREFIX}var/spool/postfix/public/(pickup|qmgr)$ VarTime;Selection Lines;
782;/@@;{ROOTPREFIX}var/log/postgresql/postgresql-[0-9]\.[0-9]-main\.log$ Log;Selection Lines;
783;/@@;{ROOTPREFIX}var/log/postgresql/postgresql-[0-9]\.[0-9]-main\.log\.1$ LowLog;Selection Lines;
784;/@@;{ROOTPREFIX}var/log/postgresql/postgresql-[0-9]\.[0-9]-main\.log\.2\.gz$ LoSerMemberLog;Selection Lines;
785;/@@;{ROOTPREFIX}var/log/postgresql/postgresql-[0-9]\.[0-9]-main\.log\.[3-9]\.gz$ SerMemberLog;Selection Lines;
786;/@@;{ROOTPREFIX}var/log/postgresql/postgresql-[0-9]\.[0-9]-main\.log\.10\.gz$ HiSerMemberLog;Selection Lines;
787;/@@;{ROOTPREFIX}var/log/postgresql$ VarDir;Selection Lines;
788;/@@;{ROOTPREFIX}@@{RUN}/postgresql/[0-9]\.[0-9]-main\.pid$ VarFile;Selection Lines;
789;/@@;{ROOTPREFIX}@@{RUN}/postgresql$ VarDirInode;Selection Lines;
790;@@define ;PORT 5432;Macro Lines;
791;/@@;{ROOTPREFIX}@@{RUN}/postgresql/\.s\.PGSQL\.@@{PORT}(\.lock)?$ VarFile;Selection Lines;
792;/@@;{ROOTPREFIX}var/lib/postgresql/[0-9]\.[0-9]/main/pg_stat_tmp/pgstat\.stat$ VarFile;Selection Lines;
793;/@@;{ROOTPREFIX}var/lib/postgresql/[0-9]\.[0-9]/main/pg_stat_tmp$ VarDir;Selection Lines;
794;;;Selection Lines;
795;/@@;{ROOTPREFIX}var/lib/postgrey$                        VarDir;Selection Lines;
796;/@@;{ROOTPREFIX}var/lib/postgrey/postgrey(|lock)\.db$    VarFile;Selection Lines;
797;/@@;{ROOTPREFIX}var/lib/postgrey/log\.[0-9]{10}$ VarFile;Selection Lines;
798;/@@;{ROOTPREFIX}var/lib/postgrey/__db\.[0-9]{3}$ VarFile;Selection Lines;
799;/@@;{ROOTPREFIX}var/log/privoxy/logfile$ Log;Selection Lines;
800;;;Selection Lines;
801;/@@;{ROOTPREFIX}var/log/proftpd/proftpd(_(access|auth|xfer))?\.log$ Log;Selection Lines;
802;/@@;{ROOTPREFIX}@@{RUN}/proftpd/proftpd\.(delay|pid|scoreboard)$ VarFile;Selection Lines;
803;/@@;{ROOTPREFIX}var/log/proftpd$ VarDir;Selection Lines;
804;/@@;{ROOTPREFIX}@@{RUN}/proftpd$ VarDirInode;Selection Lines;
805;/@@;{ROOTPREFIX}etc/resolv\.conf$ VarFile;Selection Lines;
806;/@@;{ROOTPREFIX}@@{LIBINITRW}/resolvconf/interface/(wlan|eth)[0-9]+(\.(dhclient|inet))?$ VarFile;Selection Lines;
807;/@@;{ROOTPREFIX}@@{LIBINITRW}/resolvconf/enable-updates$ VarFile;Selection Lines;
808;/@@;{ROOTPREFIX}@@{LIBINITRW}/resolvconf/resolv\.conf$ VarFile;Selection Lines;
809;/@@;{ROOTPREFIX}@@{LIBINITRW}/resolvconf(/interface)?$ VarDirInode;Selection Lines;
810;/@@;{ROOTPREFIX}var/lib/rkhunter/db/(mirrors|rkhunter_prop_list)\.dat$ VarTime;Selection Lines;
811;/@@;{ROOTPREFIX}var/lib/rkhunter/tmp/(group|passwd)$ VarFile;Selection Lines;
812;/@@;{ROOTPREFIX}var/lib/rkhunter/(db|tmp)$ VarDir;Selection Lines;
813;/@@;{ROOTPREFIX}var/log/rkhunter\.log$ Log;Selection Lines;
814;/@@;{ROOTPREFIX}var/log/rkhunter\.log\.1$ LowLog;Selection Lines;
815;/@@;{ROOTPREFIX}var/log/rkhunter\.log\.2\.gz$ LoSerMemberLog;Selection Lines;
816;/@@;{ROOTPREFIX}var/log/rkhunter\.log\.3\.gz$ SerMemberLog;Selection Lines;
817;/@@;{ROOTPREFIX}var/log/rkhunter\.log\.4\.gz$ HiSerMemberLog;Selection Lines;
818;/@@;{ROOTPREFIX}@@{RUN}/rngd\.pid$ VarFile;Selection Lines;
819;/@@;{ROOTPREFIX}var/log/rsnapshot\.log$ Log;Selection Lines;
820;/@@;{ROOTPREFIX}var/log/rsnapshot\.log\.1\.gz$ LoSerMemberLog;Selection Lines;
821;/@@;{ROOTPREFIX}var/log/rsnapshot\.log\.[2-5]\.gz$ SerMemberLog;Selection Lines;
822;/@@;{ROOTPREFIX}var/log/rsnapshot\.log\.6\.gz$ HiSerMemberLog;Selection Lines;
823;@@define ;LOGFILES7R (syslog);Macro Lines;
824;/@@;{ROOTPREFIX}var/log/@@{LOGFILES7R}$ Log;Selection Lines;
825;/@@;{ROOTPREFIX}var/log/@@{LOGFILES7R}\.1$ LowLog;Selection Lines;
826;/@@;{ROOTPREFIX}var/log/@@{LOGFILES7R}\.2\.gz$ LoSerMemberLog;Selection Lines;
827;/@@;{ROOTPREFIX}var/log/@@{LOGFILES7R}\.[3-6]\.gz$ SerMemberLog;Selection Lines;
828;/@@;{ROOTPREFIX}var/log/@@{LOGFILES7R}\.7\.gz$ HiSerMemberLog;Selection Lines;
829;@@define ;LOGFILES4R (messages|debug|(cron|lpr|auth|daemon|kern|user)\.log|mail\.(log|err|warn|info));Macro Lines;
830;/@@;{ROOTPREFIX}var/log/@@{LOGFILES4R}$ Log;Selection Lines;
831;/@@;{ROOTPREFIX}var/log/@@{LOGFILES4R}\.1$ LowLog;Selection Lines;
832;/@@;{ROOTPREFIX}var/log/@@{LOGFILES4R}\.2\.gz$ LoSerMemberLog;Selection Lines;
833;/@@;{ROOTPREFIX}var/log/@@{LOGFILES4R}\.3\.gz$ SerMemberLog;Selection Lines;
834;/@@;{ROOTPREFIX}var/log/@@{LOGFILES4R}\.4\.gz$ HiSerMemberLog;Selection Lines;
835;/@@;{ROOTPREFIX}var/log$ VarDir;Selection Lines;
836;/@@;{ROOTPREFIX}@@{RUN}/rsyslogd.pid$ VarFile;Selection Lines;
837;/@@;{ROOTPREFIX}@@{LIBINITRW}/sendsigs\.omit\.d/rsyslog$ VarInode;Selection Lines;
838;;;Selection Lines;
839;/@@;{ROOTPREFIX}@@{RUN}/systemd/netif(/(links|lldp|leases))?$ VarDir;Selection Lines;
840;/@@;{ROOTPREFIX}@@{RUN}/systemd/netif/state$ VarFile;Selection Lines;
841;/@@;{ROOTPREFIX}@@{RUN}/systemd/netif/(links|lldp|leases)/[0-9]{1,2}$ VarFile;Selection Lines;
842;;;Selection Lines;
843;/@@;{ROOTPREFIX}@@{RUN}/systemd/resolve$ VarDir;Selection Lines;
844;/@@;{ROOTPREFIX}@@{RUN}/systemd/resolve/resolv\.conf$ VarFile;Selection Lines;
845;!/@@;{ROOTPREFIX}@@{RUN}/user(/[0-9]+(/systemd(/(notify|private|transient))?)?)?$;Selection Lines;
846;/@@;{ROOTPREFIX}etc/samba/passdb\.tdb$ VarFile;Selection Lines;
847;/@@;{ROOTPREFIX}var/log/samba/log\.(smbd|nmbd)$ Log;Selection Lines;
848;/@@;{ROOTPREFIX}var/log/samba/log\.(smbd|nmbd)\.1\.gz$ LoSerMemberLog;Selection Lines;
849;/@@;{ROOTPREFIX}var/log/samba/log\.(smbd|nmbd)\.[2-6]\.gz$ SerMemberLog;Selection Lines;
850;/@@;{ROOTPREFIX}var/log/samba/log\.(smbd|nmbd)\.7\.gz$ HiSerMemberLog;Selection Lines;
851;/@@;{ROOTPREFIX}var/log/samba/log\.[[:alnum:]._]+$ FreqRotLog;Selection Lines;
852;/@@;{ROOTPREFIX}var/log/samba/log\.[[:alnum:]._]+\.old$ LowLog;Selection Lines;
853;;;Selection Lines;
854;/@@;{ROOTPREFIX}var/log/samba/cores/[sn]mbd$ VarDir;Selection Lines;
855;/@@;{ROOTPREFIX}@@{RUN}/samba/[sn]mbd\.pid$ VarFile;Selection Lines;
856;/@@;{ROOTPREFIX}@@{RUN}/samba/(gencache(_notrans)?|messages|sessionid|connections|brlock|locking|notify(_onelevel)?|unexpected)\.tdb$ VarFile;Selection Lines;
857;!/@@;{ROOTPREFIX}@@{RUN}/samba/namelist\.debug$;Selection Lines;
858;/@@;{ROOTPREFIX}var/cache/samba/browse\.dat$ VarFile;Selection Lines;
859;/@@;{ROOTPREFIX}var/lib/samba/(wins\.dat|(group_mapping\.l|(wins|registry|ntprinters|schannel_store)\.t)db)$ VarFile;Selection Lines;
860;/@@;{ROOTPREFIX}var/lib/samba/private/msg\.sock$ VarFile;Selection Lines;
861;/@@;{ROOTPREFIX}var/(log|cache|lib)/samba$ VarDir;Selection Lines;
862;/@@;{ROOTPREFIX}@@{RUN}/samba(/msg\.lock)?$ VarDirInode;Selection Lines;
863;!/@@;{ROOTPREFIX}@@{RUN}/samba/msg\.lock/[0-9]+$;Selection Lines;
864;/@@;{ROOTPREFIX}@@{RUN}/screen/S-[0-9a-z]+$ VarDirInode;Selection Lines;
865;@@ifdef;HOSTNAME;Macro Lines;
866;!/@@;{ROOTPREFIX}@@{RUN}/screen/S-[0-9a-z]+/[0-9]{1,5}\.pts-[0-9]\.@@{HOSTNAME}$;Selection Lines;
867;@@endif;;Macro Lines;
868;/@@;{ROOTPREFIX}@@{RUN}/screen$ VarDirInode;Selection Lines;
869;/@@;{ROOTPREFIX}var/lib/ldap/[[:alnum:]]+\.bdb$ VarTime;Selection Lines;
870;/@@;{ROOTPREFIX}var/lib/ldap/__db\.00[1-5]+$ VarFile;Selection Lines;
871;/@@;{ROOTPREFIX}var/lib/ldap/log\.0000000001$ VarFile;Selection Lines;
872;/@@;{ROOTPREFIX}var/lib/ldap/alock$ VarFile;Selection Lines;
873;/@@;{ROOTPREFIX}var/lib/ldap$ VarDir;Selection Lines;
874;/@@;{ROOTPREFIX}@@{RUN}/ldapi$ VarInode;Selection Lines;
875;/@@;{ROOTPREFIX}@@{RUN}/slapd/slapd\.args$ VarInode;Selection Lines;
876;/@@;{ROOTPREFIX}@@{RUN}/slapd/slapd\.pid$ VarFile;Selection Lines;
877;/@@;{ROOTPREFIX}@@{RUN}/slapd$ VarDirInode;Selection Lines;
878;/@@;{ROOTPREFIX}var/lib/slrn/newsgroups\.dsc$ VarFile;Selection Lines;
879;/@@;{ROOTPREFIX}@@{RUN}/smartd\.pid$ VarFile;Selection Lines;
880;/@@;{ROOTPREFIX}var/lib/smartmontools/smartd\.[-_[:alnum:]]+\.ata\.state~?$ VarFile;Selection Lines;
881;/@@;{ROOTPREFIX}var/lib/smartmontools/attrlog\.[-_[:alnum:]]+\.ata\.csv$ VarFile;Selection Lines;
882;/@@;{ROOTPREFIX}var/lib/smartmontools$ VarDir;Selection Lines;
883;/@@;{ROOTPREFIX}@@{RUN}/smokeping/smokeping\.pid$ VarFile;Selection Lines;
884;/@@;{ROOTPREFIX}@@{RUN}/smokeping$ VarDirInode;Selection Lines;
885;!/@@;{ROOTPREFIX}tmp/speedy\.6\.21\.F$;Selection Lines;
886;/@@;{ROOTPREFIX}var/lib/snmp/snmpd\.conf$ VarFile;Selection Lines;
887;/@@;{ROOTPREFIX}var/lib/snmp$ VarDir;Selection Lines;
888;/@@;{ROOTPREFIX}@@{RUN}/snmpd\.pid$ VarFile;Selection Lines;
889;/@@;{ROOTPREFIX}var/spool/spamassassin/bayes/(bayes_(journal|toks|seen)|auto-whitelist)$ VarFile;Selection Lines;
890;/@@;{ROOTPREFIX}var/spool/spamassassin/bayes$ VarDir;Selection Lines;
891;/@@;{ROOTPREFIX}@@{RUN}/spamd\.pid$ VarFile;Selection Lines;
892;!/@@;{ROOTPREFIX}var/spool/squid/[0-9A-F]{2}/[0-9A-F]{2}/[0-9A-F]{8};Selection Lines;
893;/@@;{ROOTPREFIX}var/spool/squid/(netdb_state|swap.state(.last-clean)?) VarFile;Selection Lines;
894;/@@;{ROOTPREFIX}var/spool/squid/[0-9A-F]{2}(/[0-9A-F]{2})?$ VarDir;Selection Lines;
895;/@@{;ROOTPREFIX}var/log/squid/(access|store)\.log$ Log;Selection Lines;
896;!/@@;{ROOTPREFIX}tmp/ssh-[a-zA-Z0-9]{10}$;Selection Lines;
897;!/@@;{ROOTPREFIX}tmp/ssh-[a-zA-Z0-9]{10}/agent.[0-9]{1,5}$;Selection Lines;
898;/@@;{ROOTPREFIX}@@{RUN}/sshd.pid$ VarFile;Selection Lines;
899;/@@;{ROOTPREFIX}run/sudo/ts/[a-z0-9]+$ VarFile;Selection Lines;
900;/@@;{ROOTPREFIX}@@{RUN}/systemd/journal/kernel-seqnum$ VarFile;Selection Lines;
901;/@@;{ROOTPREFIX}@@{RUN}/systemd/journal/streams$ VarDir;Selection Lines;
902;/@@;{ROOTPREFIX}@@{RUN}/systemd/journal/streams/[0-9]:[0-9]{4,7}$ VarFile+ANF+ARF;Selection Lines;
903;!/@@;{ROOTPREFIX}@@{RUN}/log/journal/[0-9a-f]{32}(/system(@[0-9a-f]{32}-[0-9a-f]{16}-[0-9a-f]{16})?\.journal)?$;Selection Lines;
904;/@@;{ROOTPREFIX}@@{RUN}/systemd/(sessions|transient|users)$ VarDir;Selection Lines;
905;!/@@;{ROOTPREFIX}@@{RUN}/systemd/sessions/[0-9](\.ref)?$;Selection Lines;
906;!/@@;{ROOTPREFIX}@@{RUN}/systemd/transient/session-[0-9]+\.scope$;Selection Lines;
907;!/@@;{ROOTPREFIX}@@{RUN}/systemd/users/[0-9]+$;Selection Lines;
908;/@@;{ROOTPREFIX}var/lib/texmf/ls-R(-TEXMFMAIN|-TEXMFDIST-TETEX)? VarFile;Selection Lines;
909;@@define ;TIGER_LOGS (check_(accounts|group|netrc|passwdformat|passwd|perms|rhosts|system|aliases|exports|inetd|printcap|anonftp|path|crontabs|tcpd|services|ftpusers|umask|exrc|embedded|device>;Macro Lines;
910;/@@;{ROOTPREFIX}var/log/tiger/@@{TIGER_LOGS}\.out\.1$ LoSerMemberLog;Selection Lines;
911;/@@;{ROOTPREFIX}var/log/tiger/@@{TIGER_LOGS}\.out\.[2-9]$ SerMemberLog;Selection Lines;
912;/@@;{ROOTPREFIX}var/log/tiger/@@{TIGER_LOGS}\.out\.10$ HiSerMemberLog;Selection Lines;
913;@@define ;TIGER_8LOGS (logfiles|rootkit|root|rootdir|runprocs|known);Macro Lines;
914;/@@;{ROOTPREFIX}var/log/tiger/check_@@{TIGER_8LOGS}\.out\.[123]$ LoSerMemberLog;Selection Lines;
915;/@@;{ROOTPREFIX}var/log/tiger/check_@@{TIGER_8LOGS}\.out\.[4-7]$ SerMemberLog;Selection Lines;
916;/@@;{ROOTPREFIX}var/log/tiger/check_@@{TIGER_8LOGS}\.out\.(8|9|10)$ HiSerMemberLog;Selection Lines;
917;/@@;{ROOTPREFIX}var/log/tiger/check_listeningprocs\.out\.([1-9]|10)$ FreqRotLog;Selection Lines;
918;/@@;{ROOTPREFIX}var/log/tiger$ VarDir;Selection Lines;
919;/@@;{ROOTPREFIX}var/lib/tiger/work$ VarDir;Selection Lines;
920;/@@;{ROOTPREFIX}var/lib/tt-rss/update_daemon.(stamp|lock)$ VarFile;Selection Lines;
921;/@@;{ROOTPREFIX}var/lib/tt-rss$ VarDirTime;Selection Lines;
922;/@@;{ROOTPREFIX}var/log/tt-rss\.log$ Log;Selection Lines;
923;/@@;{ROOTPREFIX}var/log/tt-rss\.log\.1\.gz$ LoSerMemberLog;Selection Lines;
924;/@@;{ROOTPREFIX}var/log/tt-rss\.log\.[2-6]\.gz$ SerMemberLog;Selection Lines;
925;/@@;{ROOTPREFIX}var/log/tt-rss\.log\.7\.gz$ HiSerMemberLog;Selection Lines;
926;/@@;{ROOTPREFIX}@@{DEVDOT}udev/queue\.bin$ RamdiskData-s;Selection Lines;
927;/@@;{ROOTPREFIX}@@{DEVDOT}udev/ RamdiskData;Selection Lines;
928;/@@;{ROOTPREFIX}@@{DEVDOT}udev$ VarDirInode;Selection Lines;
929;/@@;{ROOTPREFIX}@@{DEVDOT}mount/utab$ VarInode;Selection Lines;
930;/@@;{ROOTPREFIX}@@{DEVDOT}mount$ VarDirInode;Selection Lines;
931;/@@;{ROOTPREFIX}@@{RUN}/utmp$ VarFile;Selection Lines;
932;/@@;{ROOTPREFIX}@@{RUN}/vpnc$ VarDirInode;Selection Lines;
933;@@ifdef; LOC_WEBSITES;Macro Lines;
934;@@define ;LOC_WEBALIZERFILES (index\.html|usage\.png|webalizer\.(hist|current)|(ctry|daily|hourly)_usage_@@{YEAR4D}(0[1-9]|1[0-2])\.png|usage_@@YEAR4D(0[1-9]|1[0-2])\.html);Macro Lines;
935;/@@;{ROOTPREFIX}var/www/@@{LOC_WEBSITES}/stats/@@{LOC_WEBALIZERFILES}$ VarFile;Selection Lines;
936;@@endif;;Macro Lines;
937;@@define ; INTERFACES wlan0;Macro Lines;
938;/@@;{ROOTPREFIX}@@{LIBINITRW}/sendsigs\.omit\.d/wpasupplicant\.wpa_(supplicant|action)\.@@{INTERFACES}\.pid$ VarFile;Selection Lines;
939;/@@;{ROOTPREFIX}@@{RUN}/wpa_action\.@@{INTERFACES}\.(pid|timestamp)$ VarFile;Selection Lines;
940;/@@;{ROOTPREFIX}@@{RUN}/wpa_supplicant\.@@{INTERFACES}\.pid$ VarFile;Selection Lines;
941;/@@;{ROOTPREFIX}@@{RUN}/wpa_supplicant/@@{INTERFACES}$ VarFile;Selection Lines;
942;/@@;{ROOTPREFIX}@@{RUN}/wpa_supplicant$ VarDirInode;Selection Lines;
943;@@define ; WPA_LOGS wpa_(action|supplicant)\.@@{INTERFACES};Macro Lines;
944;/@@;{ROOTPREFIX}var/log/@@{WPA_LOGS}\.log$ Log;Selection Lines;
945;/@@;{ROOTPREFIX}var/log/@@{WPA_LOGS}\.log\.1\.gz$ LoSerMemberLog;Selection Lines;
946;/@@;{ROOTPREFIX}var/log/@@{WPA_LOGS}\.log\.[2-4]\.gz$ SerMemberLog;Selection Lines;
947;/@@;{ROOTPREFIX}var/log/@@{WPA_LOGS}\.log\.5\.gz$ HiSerMemberLog;Selection Lines;
948;/@@;{ROOTPREFIX}var/log/wtmp$ Log;Selection Lines;
949;/@@;{ROOTPREFIX}var/log/wtmp\.1$ LowLog;Selection Lines;
950;/@@;{ROOTPREFIX}tmp/\.(X11|ICE)-unix$ VarDirInode;Selection Lines;
951;/@@;{ROOTPREFIX}var/lib/xkb$ VarDirTime;Selection Lines;
952;!/@@;{ROOTPREFIX}var/lib/xdm/authdir/authfiles/A:[0-9]-[A-Za-z0-9]{6}$;Selection Lines;
953;/@@;{ROOTPREFIX}var/lib/xdm/authdir/authfiles$ VarDir;Selection Lines;
954;/@@;{ROOTPREFIX}@@{RUN}/xdm\.pid$ VarFile;Selection Lines;
955;/@@;{ROOTPREFIX}@@{RUN}/xinetd.pid$ VarFile;Selection Lines;
956;!/@@;{ROOTPREFIX}dev/pts/[0-9]{1,2}$;Selection Lines;
957;/@@;{ROOTPREFIX}dev/pts$ VarDir;Selection Lines;
958;/@@;{ROOTPREFIX}dev RamdiskData;Selection Lines;
959;/@@;{ROOTPREFIX}etc$ VarDir;Selection Lines;
960;!/@@;{ROOTPREFIX}proc;Selection Lines;
961;!/@@;{ROOTPREFIX}sys;Selection Lines;
962;/@@;{ROOTPREFIX}@@{LIBINITRW}/sendsigs\.omit\.d$ VarDirInode;Selection Lines;
963;/@@;{ROOTPREFIX}@@{LIBINITRW}/\.ramfs$ VarFile;Selection Lines;
964;/@@;{ROOTPREFIX}@@{LIBINITRW}$ VarDirInode;Selection Lines;
965;/@@;{ROOTPREFIX}@@{RUNLOCK}/\.ramfs$ VarFile;Selection Lines;
966;/@@;{ROOTPREFIX}@@{RUNLOCK}$ VarDirInode;Selection Lines;
967;/@@;{ROOTPREFIX}@@{RUN}$ VarDirInode-n;Selection Lines;
968;/@@i;{ROOTPREFIX}tmp$ OwnerMode+;Selection Lines;
969;/@@;{ROOTPREFIX}var/(backups|log|tmp)$ VarDir;Selection Lines;
970;/@@;{ROOTPREFIX} Full;Selection Lines;
